/* SPDX-License-Identifier: GPL-2.0-only
 * GENERATED by gen_unidata.py from Python unicodedata (Unicode 14.0.0). Do not edit.
 * Not Windows NLS data: see the header comment of gen_unidata.py. */
#ifndef SHZ_UNIDATA_H
#define SHZ_UNIDATA_H
#include <stdint.h>
#define UNI_VERSION "14.0.0"
typedef struct { uint32_t start, attr; } uni_run_t;
typedef struct { uint32_t cp; int32_t up, lo; } uni_case_t;
typedef struct { uint16_t cp; uint16_t n; uint16_t d[3]; } uni_decomp_t;
typedef struct { uint16_t a, b, c; } uni_pair_t;
#define UNI_NRUNS 4660
#define UNI_NCASE 2879
#define UNI_NDECOMP 1450
#define UNI_NPAIRS 892
#ifdef UNI_DEFINE_TABLES
static const uni_run_t uni_runs[UNI_NRUNS] = {
  {0x0,0x139}, {0x9,0x8179}, {0xa,0x8159}, {0xb,0x8179},
  {0xc,0x8199}, {0xd,0x8159}, {0xe,0x139}, {0x1c,0x159},
  {0x1f,0x179}, {0x20,0x8196}, {0x21,0x1b1}, {0x23,0xb1},
  {0x24,0xb3}, {0x25,0xb1}, {0x26,0x1b1}, {0x28,0x1ad},
  {0x29,0x1ae}, {0x2a,0x1b1}, {0x2b,0x92}, {0x2c,0xf1},
  {0x2d,0x8c}, {0x2e,0xf1}, {0x30,0x4068}, {0x31,0x4468},
  {0x32,0x4868}, {0x33,0x4c68}, {0x34,0x5068}, {0x35,0x5468},
  {0x36,0x5868}, {0x37,0x5c68}, {0x38,0x6068}, {0x39,0x6468},
  {0x3a,0xf1}, {0x3b,0x1b1}, {0x3c,0x1b2}, {0x3f,0x1b1},
  {0x41,0x200000}, {0x5b,0x1ad}, {0x5c,0x1b1}, {0x5d,0x1ae},
  {0x5e,0x1b4}, {0x5f,0x1ab}, {0x60,0x1b4}, {0x61,0x200001},
  {0x7b,0x1ad}, {0x7c,0x1b2}, {0x7d,0x1ae}, {0x7e,0x1b2},
  {0x7f,0x139}, {0x85,0x8159}, {0x86,0x139}, {0xa0,0x80f6},
  {0xa1,0x1b1}, {0xa2,0xb3}, {0xa6,0x1b5}, {0xa7,0x1b1},
  {0xa8,0x1b4}, {0xa9,0x1b5}, {0xaa,0x4}, {0xab,0x1af},
  {0xac,0x1b2}, {0xad,0x13a}, {0xae,0x1b5}, {0xaf,0x1b4},
  {0xb0,0xb5}, {0xb1,0xb2}, {0xb2,0x6a}, {0xb4,0x1b4},
  {0xb5,0x1}, {0xb6,0x1b1}, {0xb8,0x1b4}, {0xb9,0x6a},
  {0xba,0x4}, {0xbb,0x1b0}, {0xbc,0x1aa}, {0xbf,0x1b1},
  {0xc0,0x200000}, {0xd7,0x1b2}, {0xd8,0x200000}, {0xdf,0x200001},
  {0xf7,0x1b2}, {0xf8,0x200001}, {0x100,0x200000}, {0x101,0x200001},
  {0x102,0x200000}, {0x103,0x200001}, {0x104,0x200000}, {0x105,0x200001},
  {0x106,0x200000}, {0x107,0x200001}, {0x108,0x200000}, {0x109,0x200001},
  {0x10a,0x200000}, {0x10b,0x200001}, {0x10c,0x200000}, {0x10d,0x200001},
  {0x10e,0x200000}, {0x10f,0x200001}, {0x110,0x200000}, {0x111,0x200001},
  {0x112,0x200000}, {0x113,0x200001}, {0x114,0x200000}, {0x115,0x200001},
  {0x116,0x200000}, {0x117,0x200001}, {0x118,0x200000}, {0x119,0x200001},
  {0x11a,0x200000}, {0x11b,0x200001}, {0x11c,0x200000}, {0x11d,0x200001},
  {0x11e,0x200000}, {0x11f,0x200001}, {0x120,0x200000}, {0x121,0x200001},
  {0x122,0x200000}, {0x123,0x200001}, {0x124,0x200000}, {0x125,0x200001},
  {0x126,0x200000}, {0x127,0x200001}, {0x128,0x200000}, {0x129,0x200001},
  {0x12a,0x200000}, {0x12b,0x200001}, {0x12c,0x200000}, {0x12d,0x200001},
  {0x12e,0x200000}, {0x12f,0x200001}, {0x130,0x200000}, {0x131,0x200001},
  {0x132,0x200000}, {0x133,0x200001}, {0x134,0x200000}, {0x135,0x200001},
  {0x136,0x200000}, {0x137,0x200001}, {0x139,0x200000}, {0x13a,0x200001},
  {0x13b,0x200000}, {0x13c,0x200001}, {0x13d,0x200000}, {0x13e,0x200001},
  {0x13f,0x200000}, {0x140,0x200001}, {0x141,0x200000}, {0x142,0x200001},
  {0x143,0x200000}, {0x144,0x200001}, {0x145,0x200000}, {0x146,0x200001},
  {0x147,0x200000}, {0x148,0x200001}, {0x14a,0x200000}, {0x14b,0x200001},
  {0x14c,0x200000}, {0x14d,0x200001}, {0x14e,0x200000}, {0x14f,0x200001},
  {0x150,0x200000}, {0x151,0x200001}, {0x152,0x200000}, {0x153,0x200001},
  {0x154,0x200000}, {0x155,0x200001}, {0x156,0x200000}, {0x157,0x200001},
  {0x158,0x200000}, {0x159,0x200001}, {0x15a,0x200000}, {0x15b,0x200001},
  {0x15c,0x200000}, {0x15d,0x200001}, {0x15e,0x200000}, {0x15f,0x200001},
  {0x160,0x200000}, {0x161,0x200001}, {0x162,0x200000}, {0x163,0x200001},
  {0x164,0x200000}, {0x165,0x200001}, {0x166,0x200000}, {0x167,0x200001},
  {0x168,0x200000}, {0x169,0x200001}, {0x16a,0x200000}, {0x16b,0x200001},
  {0x16c,0x200000}, {0x16d,0x200001}, {0x16e,0x200000}, {0x16f,0x200001},
  {0x170,0x200000}, {0x171,0x200001}, {0x172,0x200000}, {0x173,0x200001},
  {0x174,0x200000}, {0x175,0x200001}, {0x176,0x200000}, {0x177,0x200001},
  {0x178,0x200000}, {0x17a,0x200001}, {0x17b,0x200000}, {0x17c,0x200001},
  {0x17d,0x200000}, {0x17e,0x200001}, {0x181,0x200000}, {0x183,0x200001},
  {0x184,0x200000}, {0x185,0x200001}, {0x186,0x200000}, {0x188,0x200001},
  {0x189,0x200000}, {0x18c,0x200001}, {0x18e,0x200000}, {0x192,0x200001},
  {0x193,0x200000}, {0x195,0x200001}, {0x196,0x200000}, {0x199,0x200001},
  {0x19c,0x200000}, {0x19e,0x200001}, {0x19f,0x200000}, {0x1a1,0x200001},
  {0x1a2,0x200000}, {0x1a3,0x200001}, {0x1a4,0x200000}, {0x1a5,0x200001},
  {0x1a6,0x200000}, {0x1a8,0x200001}, {0x1a9,0x200000}, {0x1aa,0x200001},
  {0x1ac,0x200000}, {0x1ad,0x200001}, {0x1ae,0x200000}, {0x1b0,0x200001},
  {0x1b1,0x200000}, {0x1b4,0x200001}, {0x1b5,0x200000}, {0x1b6,0x200001},
  {0x1b7,0x200000}, {0x1b9,0x200001}, {0x1bb,0x200004}, {0x1bc,0x200000},
  {0x1bd,0x200001}, {0x1c0,0x200004}, {0x1c4,0x200000}, {0x1c5,0x200002},
  {0x1c6,0x200001}, {0x1c7,0x200000}, {0x1c8,0x200002}, {0x1c9,0x200001},
  {0x1ca,0x200000}, {0x1cb,0x200002}, {0x1cc,0x200001}, {0x1cd,0x200000},
  {0x1ce,0x200001}, {0x1cf,0x200000}, {0x1d0,0x200001}, {0x1d1,0x200000},
  {0x1d2,0x200001}, {0x1d3,0x200000}, {0x1d4,0x200001}, {0x1d5,0x200000},
  {0x1d6,0x200001}, {0x1d7,0x200000}, {0x1d8,0x200001}, {0x1d9,0x200000},
  {0x1da,0x200001}, {0x1db,0x200000}, {0x1dc,0x200001}, {0x1de,0x200000},
  {0x1df,0x200001}, {0x1e0,0x200000}, {0x1e1,0x200001}, {0x1e2,0x200000},
  {0x1e3,0x200001}, {0x1e4,0x200000}, {0x1e5,0x200001}, {0x1e6,0x200000},
  {0x1e7,0x200001}, {0x1e8,0x200000}, {0x1e9,0x200001}, {0x1ea,0x200000},
  {0x1eb,0x200001}, {0x1ec,0x200000}, {0x1ed,0x200001}, {0x1ee,0x200000},
  {0x1ef,0x200001}, {0x1f1,0x200000}, {0x1f2,0x200002}, {0x1f3,0x200001},
  {0x1f4,0x200000}, {0x1f5,0x200001}, {0x1f6,0x200000}, {0x1f9,0x200001},
  {0x1fa,0x200000}, {0x1fb,0x200001}, {0x1fc,0x200000}, {0x1fd,0x200001},
  {0x1fe,0x200000}, {0x1ff,0x200001}, {0x200,0x200000}, {0x201,0x200001},
  {0x202,0x200000}, {0x203,0x200001}, {0x204,0x200000}, {0x205,0x200001},
  {0x206,0x200000}, {0x207,0x200001}, {0x208,0x200000}, {0x209,0x200001},
  {0x20a,0x200000}, {0x20b,0x200001}, {0x20c,0x200000}, {0x20d,0x200001},
  {0x20e,0x200000}, {0x20f,0x200001}, {0x210,0x200000}, {0x211,0x200001},
  {0x212,0x200000}, {0x213,0x200001}, {0x214,0x200000}, {0x215,0x200001},
  {0x216,0x200000}, {0x217,0x200001}, {0x218,0x200000}, {0x219,0x200001},
  {0x21a,0x200000}, {0x21b,0x200001}, {0x21c,0x200000}, {0x21d,0x200001},
  {0x21e,0x200000}, {0x21f,0x200001}, {0x220,0x200000}, {0x221,0x200001},
  {0x222,0x200000}, {0x223,0x200001}, {0x224,0x200000}, {0x225,0x200001},
  {0x226,0x200000}, {0x227,0x200001}, {0x228,0x200000}, {0x229,0x200001},
  {0x22a,0x200000}, {0x22b,0x200001}, {0x22c,0x200000}, {0x22d,0x200001},
  {0x22e,0x200000}, {0x22f,0x200001}, {0x230,0x200000}, {0x231,0x200001},
  {0x232,0x200000}, {0x233,0x200001}, {0x23a,0x200000}, {0x23c,0x200001},
  {0x23d,0x200000}, {0x23f,0x200001}, {0x241,0x200000}, {0x242,0x200001},
  {0x243,0x200000}, {0x247,0x200001}, {0x248,0x200000}, {0x249,0x200001},
  {0x24a,0x200000}, {0x24b,0x200001}, {0x24c,0x200000}, {0x24d,0x200001},
  {0x24e,0x200000}, {0x24f,0x200001}, {0x294,0x200004}, {0x295,0x200001},
  {0x2b0,0x3}, {0x2b9,0x1a3}, {0x2bb,0x3}, {0x2c2,0x1b4},
  {0x2c6,0x1a3}, {0x2d0,0x3}, {0x2d2,0x1b4}, {0x2e0,0x3},
  {0x2e5,0x1b4}, {0x2ec,0x1a3}, {0x2ed,0x1b4}, {0x2ee,0x3},
  {0x2ef,0x1b4}, {0x300,0x105}, {0x370,0x400000}, {0x371,0x400001},
  {0x372,0x400000}, {0x373,0x400001}, {0x374,0x4001a3}, {0x375,0x1b4},
  {0x376,0x400000}, {0x377,0x400001}, {0x378,0x1d}, {0x37a,0x400003},
  {0x37b,0x400001}, {0x37e,0x1b1}, {0x37f,0x400000}, {0x380,0x1d},
  {0x384,0x1b4}, {0x386,0x400000}, {0x387,0x1b1}, {0x388,0x400000},
  {0x38b,0x1d}, {0x38c,0x400000}, {0x38d,0x1d}, {0x38e,0x400000},
  {0x390,0x400001}, {0x391,0x400000}, {0x3a2,0x1d}, {0x3a3,0x400000},
  {0x3ac,0x400001}, {0x3cf,0x400000}, {0x3d0,0x400001}, {0x3d2,0x400000},
  {0x3d5,0x400001}, {0x3d8,0x400000}, {0x3d9,0x400001}, {0x3da,0x400000},
  {0x3db,0x400001}, {0x3dc,0x400000}, {0x3dd,0x400001}, {0x3de,0x400000},
  {0x3df,0x400001}, {0x3e0,0x400000}, {0x3e1,0x400001}, {0x3e2,0x0},
  {0x3e3,0x1}, {0x3e4,0x0}, {0x3e5,0x1}, {0x3e6,0x0},
  {0x3e7,0x1}, {0x3e8,0x0}, {0x3e9,0x1}, {0x3ea,0x0},
  {0x3eb,0x1}, {0x3ec,0x0}, {0x3ed,0x1}, {0x3ee,0x0},
  {0x3ef,0x1}, {0x3f0,0x400001}, {0x3f4,0x400000}, {0x3f5,0x400001},
  {0x3f6,0x1b2}, {0x3f7,0x400000}, {0x3f8,0x400001}, {0x3f9,0x400000},
  {0x3fb,0x400001}, {0x3fd,0x400000}, {0x400,0x600000}, {0x430,0x600001},
  {0x460,0x600000}, {0x461,0x600001}, {0x462,0x600000}, {0x463,0x600001},
  {0x464,0x600000}, {0x465,0x600001}, {0x466,0x600000}, {0x467,0x600001},
  {0x468,0x600000}, {0x469,0x600001}, {0x46a,0x600000}, {0x46b,0x600001},
  {0x46c,0x600000}, {0x46d,0x600001}, {0x46e,0x600000}, {0x46f,0x600001},
  {0x470,0x600000}, {0x471,0x600001}, {0x472,0x600000}, {0x473,0x600001},
  {0x474,0x600000}, {0x475,0x600001}, {0x476,0x600000}, {0x477,0x600001},
  {0x478,0x600000}, {0x479,0x600001}, {0x47a,0x600000}, {0x47b,0x600001},
  {0x47c,0x600000}, {0x47d,0x600001}, {0x47e,0x600000}, {0x47f,0x600001},
  {0x480,0x600000}, {0x481,0x600001}, {0x482,0x15}, {0x483,0x105},
  {0x488,0x107}, {0x48a,0x600000}, {0x48b,0x600001}, {0x48c,0x600000},
  {0x48d,0x600001}, {0x48e,0x600000}, {0x48f,0x600001}, {0x490,0x600000},
  {0x491,0x600001}, {0x492,0x600000}, {0x493,0x600001}, {0x494,0x600000},
  {0x495,0x600001}, {0x496,0x600000}, {0x497,0x600001}, {0x498,0x600000},
  {0x499,0x600001}, {0x49a,0x600000}, {0x49b,0x600001}, {0x49c,0x600000},
  {0x49d,0x600001}, {0x49e,0x600000}, {0x49f,0x600001}, {0x4a0,0x600000},
  {0x4a1,0x600001}, {0x4a2,0x600000}, {0x4a3,0x600001}, {0x4a4,0x600000},
  {0x4a5,0x600001}, {0x4a6,0x600000}, {0x4a7,0x600001}, {0x4a8,0x600000},
  {0x4a9,0x600001}, {0x4aa,0x600000}, {0x4ab,0x600001}, {0x4ac,0x600000},
  {0x4ad,0x600001}, {0x4ae,0x600000}, {0x4af,0x600001}, {0x4b0,0x600000},
  {0x4b1,0x600001}, {0x4b2,0x600000}, {0x4b3,0x600001}, {0x4b4,0x600000},
  {0x4b5,0x600001}, {0x4b6,0x600000}, {0x4b7,0x600001}, {0x4b8,0x600000},
  {0x4b9,0x600001}, {0x4ba,0x600000}, {0x4bb,0x600001}, {0x4bc,0x600000},
  {0x4bd,0x600001}, {0x4be,0x600000}, {0x4bf,0x600001}, {0x4c0,0x600000},
  {0x4c2,0x600001}, {0x4c3,0x600000}, {0x4c4,0x600001}, {0x4c5,0x600000},
  {0x4c6,0x600001}, {0x4c7,0x600000}, {0x4c8,0x600001}, {0x4c9,0x600000},
  {0x4ca,0x600001}, {0x4cb,0x600000}, {0x4cc,0x600001}, {0x4cd,0x600000},
  {0x4ce,0x600001}, {0x4d0,0x600000}, {0x4d1,0x600001}, {0x4d2,0x600000},
  {0x4d3,0x600001}, {0x4d4,0x600000}, {0x4d5,0x600001}, {0x4d6,0x600000},
  {0x4d7,0x600001}, {0x4d8,0x600000}, {0x4d9,0x600001}, {0x4da,0x600000},
  {0x4db,0x600001}, {0x4dc,0x600000}, {0x4dd,0x600001}, {0x4de,0x600000},
  {0x4df,0x600001}, {0x4e0,0x600000}, {0x4e1,0x600001}, {0x4e2,0x600000},
  {0x4e3,0x600001}, {0x4e4,0x600000}, {0x4e5,0x600001}, {0x4e6,0x600000},
  {0x4e7,0x600001}, {0x4e8,0x600000}, {0x4e9,0x600001}, {0x4ea,0x600000},
  {0x4eb,0x600001}, {0x4ec,0x600000}, {0x4ed,0x600001}, {0x4ee,0x600000},
  {0x4ef,0x600001}, {0x4f0,0x600000}, {0x4f1,0x600001}, {0x4f2,0x600000},
  {0x4f3,0x600001}, {0x4f4,0x600000}, {0x4f5,0x600001}, {0x4f6,0x600000},
  {0x4f7,0x600001}, {0x4f8,0x600000}, {0x4f9,0x600001}, {0x4fa,0x600000},
  {0x4fb,0x600001}, {0x4fc,0x600000}, {0x4fd,0x600001}, {0x4fe,0x600000},
  {0x4ff,0x600001}, {0x500,0x600000}, {0x501,0x600001}, {0x502,0x600000},
  {0x503,0x600001}, {0x504,0x600000}, {0x505,0x600001}, {0x506,0x600000},
  {0x507,0x600001}, {0x508,0x600000}, {0x509,0x600001}, {0x50a,0x600000},
  {0x50b,0x600001}, {0x50c,0x600000}, {0x50d,0x600001}, {0x50e,0x600000},
  {0x50f,0x600001}, {0x510,0x600000}, {0x511,0x600001}, {0x512,0x600000},
  {0x513,0x600001}, {0x514,0x600000}, {0x515,0x600001}, {0x516,0x600000},
  {0x517,0x600001}, {0x518,0x600000}, {0x519,0x600001}, {0x51a,0x600000},
  {0x51b,0x600001}, {0x51c,0x600000}, {0x51d,0x600001}, {0x51e,0x600000},
  {0x51f,0x600001}, {0x520,0x600000}, {0x521,0x600001}, {0x522,0x600000},
  {0x523,0x600001}, {0x524,0x600000}, {0x525,0x600001}, {0x526,0x600000},
  {0x527,0x600001}, {0x528,0x600000}, {0x529,0x600001}, {0x52a,0x600000},
  {0x52b,0x600001}, {0x52c,0x600000}, {0x52d,0x600001}, {0x52e,0x600000},
  {0x52f,0x600001}, {0x530,0x1d}, {0x531,0x0}, {0x557,0x1d},
  {0x559,0x3}, {0x55a,0x11}, {0x560,0x1}, {0x589,0x11},
  {0x58a,0x1ac}, {0x58b,0x1d}, {0x58d,0x1b5}, {0x58f,0xb3},
  {0x590,0x1d}, {0x591,0x105}, {0x5be,0x2c}, {0x5bf,0x105},
  {0x5c0,0x31}, {0x5c1,0x105}, {0x5c3,0x31}, {0x5c4,0x105},
  {0x5c6,0x31}, {0x5c7,0x105}, {0x5c8,0x1d}, {0x5d0,0x24},
  {0x5eb,0x1d}, {0x5ef,0x24}, {0x5f3,0x31}, {0x5f5,0x1d},
  {0x600,0xda}, {0x606,0x1b2}, {0x608,0x52}, {0x609,0xb1},
  {0x60b,0x53}, {0x60c,0xf1}, {0x60d,0x51}, {0x60e,0x1b5},
  {0x610,0x105}, {0x61b,0x51}, {0x61c,0x5a}, {0x61d,0x51},
  {0x620,0x44}, {0x640,0x43}, {0x641,0x44}, {0x64b,0x105},
  {0x660,0x40c8}, {0x661,0x44c8}, {0x662,0x48c8}, {0x663,0x4cc8},
  {0x664,0x50c8}, {0x665,0x54c8}, {0x666,0x58c8}, {0x667,0x5cc8},
  {0x668,0x60c8}, {0x669,0x64c8}, {0x66a,0xb1}, {0x66b,0xd1},
  {0x66d,0x51}, {0x66e,0x44}, {0x670,0x105}, {0x671,0x44},
  {0x6d4,0x51}, {0x6d5,0x44}, {0x6d6,0x105}, {0x6dd,0xda},
  {0x6de,0x1b5}, {0x6df,0x105}, {0x6e5,0x43}, {0x6e7,0x105},
  {0x6e9,0x1b5}, {0x6ea,0x105}, {0x6ee,0x44}, {0x6f0,0x4068},
  {0x6f1,0x4468}, {0x6f2,0x4868}, {0x6f3,0x4c68}, {0x6f4,0x5068},
  {0x6f5,0x5468}, {0x6f6,0x5868}, {0x6f7,0x5c68}, {0x6f8,0x6068},
  {0x6f9,0x6468}, {0x6fa,0x44}, {0x6fd,0x55}, {0x6ff,0x44},
  {0x700,0x51}, {0x70e,0x1d}, {0x70f,0x5a}, {0x710,0x44},
  {0x711,0x105}, {0x712,0x44}, {0x730,0x105}, {0x74b,0x1d},
  {0x74d,0x44}, {0x7a6,0x105}, {0x7b1,0x44}, {0x7b2,0x1d},
  {0x7c0,0x4028}, {0x7c1,0x4428}, {0x7c2,0x4828}, {0x7c3,0x4c28},
  {0x7c4,0x5028}, {0x7c5,0x5428}, {0x7c6,0x5828}, {0x7c7,0x5c28},
  {0x7c8,0x6028}, {0x7c9,0x6428}, {0x7ca,0x24}, {0x7eb,0x105},
  {0x7f4,0x23}, {0x7f6,0x1b5}, {0x7f7,0x1b1}, {0x7fa,0x23},
  {0x7fb,0x1d}, {0x7fd,0x105}, {0x7fe,0x33}, {0x800,0x24},
  {0x816,0x105}, {0x81a,0x23}, {0x81b,0x105}, {0x824,0x23},
  {0x825,0x105}, {0x828,0x23}, {0x829,0x105}, {0x82e,0x1d},
  {0x830,0x31}, {0x83f,0x1d}, {0x840,0x24}, {0x859,0x105},
  {0x85c,0x1d}, {0x85e,0x31}, {0x85f,0x1d}, {0x860,0x44},
  {0x86b,0x1d}, {0x870,0x44}, {0x888,0x54}, {0x889,0x44},
  {0x88f,0x1d}, {0x890,0xda}, {0x892,0x1d}, {0x898,0x105},
  {0x8a0,0x44}, {0x8c9,0x43}, {0x8ca,0x105}, {0x8e2,0xda},
  {0x8e3,0x105}, {0x903,0x6}, {0x904,0x4}, {0x93a,0x105},
  {0x93b,0x6}, {0x93c,0x105}, {0x93d,0x4}, {0x93e,0x6},
  {0x941,0x105}, {0x949,0x6}, {0x94d,0x105}, {0x94e,0x6},
  {0x950,0x4}, {0x951,0x105}, {0x958,0x4}, {0x962,0x105},
  {0x964,0x11}, {0x966,0x4008}, {0x967,0x4408}, {0x968,0x4808},
  {0x969,0x4c08}, {0x96a,0x5008}, {0x96b,0x5408}, {0x96c,0x5808},
  {0x96d,0x5c08}, {0x96e,0x6008}, {0x96f,0x6408}, {0x970,0x11},
  {0x971,0x3}, {0x972,0x4}, {0x981,0x105}, {0x982,0x6},
  {0x984,0x1d}, {0x985,0x4}, {0x98d,0x1d}, {0x98f,0x4},
  {0x991,0x1d}, {0x993,0x4}, {0x9a9,0x1d}, {0x9aa,0x4},
  {0x9b1,0x1d}, {0x9b2,0x4}, {0x9b3,0x1d}, {0x9b6,0x4},
  {0x9ba,0x1d}, {0x9bc,0x105}, {0x9bd,0x4}, {0x9be,0x6},
  {0x9c1,0x105}, {0x9c5,0x1d}, {0x9c7,0x6}, {0x9c9,0x1d},
  {0x9cb,0x6}, {0x9cd,0x105}, {0x9ce,0x4}, {0x9cf,0x1d},
  {0x9d7,0x6}, {0x9d8,0x1d}, {0x9dc,0x4}, {0x9de,0x1d},
  {0x9df,0x4}, {0x9e2,0x105}, {0x9e4,0x1d}, {0x9e6,0x4008},
  {0x9e7,0x4408}, {0x9e8,0x4808}, {0x9e9,0x4c08}, {0x9ea,0x5008},
  {0x9eb,0x5408}, {0x9ec,0x5808}, {0x9ed,0x5c08}, {0x9ee,0x6008},
  {0x9ef,0x6408}, {0x9f0,0x4}, {0x9f2,0xb3}, {0x9f4,0xa},
  {0x9fa,0x15}, {0x9fb,0xb3}, {0x9fc,0x4}, {0x9fd,0x11},
  {0x9fe,0x105}, {0x9ff,0x1d}, {0xa01,0x105}, {0xa03,0x6},
  {0xa04,0x1d}, {0xa05,0x4}, {0xa0b,0x1d}, {0xa0f,0x4},
  {0xa11,0x1d}, {0xa13,0x4}, {0xa29,0x1d}, {0xa2a,0x4},
  {0xa31,0x1d}, {0xa32,0x4}, {0xa34,0x1d}, {0xa35,0x4},
  {0xa37,0x1d}, {0xa38,0x4}, {0xa3a,0x1d}, {0xa3c,0x105},
  {0xa3d,0x1d}, {0xa3e,0x6}, {0xa41,0x105}, {0xa43,0x1d},
  {0xa47,0x105}, {0xa49,0x1d}, {0xa4b,0x105}, {0xa4e,0x1d},
  {0xa51,0x105}, {0xa52,0x1d}, {0xa59,0x4}, {0xa5d,0x1d},
  {0xa5e,0x4}, {0xa5f,0x1d}, {0xa66,0x4008}, {0xa67,0x4408},
  {0xa68,0x4808}, {0xa69,0x4c08}, {0xa6a,0x5008}, {0xa6b,0x5408},
  {0xa6c,0x5808}, {0xa6d,0x5c08}, {0xa6e,0x6008}, {0xa6f,0x6408},
  {0xa70,0x105}, {0xa72,0x4}, {0xa75,0x105}, {0xa76,0x11},
  {0xa77,0x1d}, {0xa81,0x105}, {0xa83,0x6}, {0xa84,0x1d},
  {0xa85,0x4}, {0xa8e,0x1d}, {0xa8f,0x4}, {0xa92,0x1d},
  {0xa93,0x4}, {0xaa9,0x1d}, {0xaaa,0x4}, {0xab1,0x1d},
  {0xab2,0x4}, {0xab4,0x1d}, {0xab5,0x4}, {0xaba,0x1d},
  {0xabc,0x105}, {0xabd,0x4}, {0xabe,0x6}, {0xac1,0x105},
  {0xac6,0x1d}, {0xac7,0x105}, {0xac9,0x6}, {0xaca,0x1d},
  {0xacb,0x6}, {0xacd,0x105}, {0xace,0x1d}, {0xad0,0x4},
  {0xad1,0x1d}, {0xae0,0x4}, {0xae2,0x105}, {0xae4,0x1d},
  {0xae6,0x4008}, {0xae7,0x4408}, {0xae8,0x4808}, {0xae9,0x4c08},
  {0xaea,0x5008}, {0xaeb,0x5408}, {0xaec,0x5808}, {0xaed,0x5c08},
  {0xaee,0x6008}, {0xaef,0x6408}, {0xaf0,0x11}, {0xaf1,0xb3},
  {0xaf2,0x1d}, {0xaf9,0x4}, {0xafa,0x105}, {0xb00,0x1d},
  {0xb01,0x105}, {0xb02,0x6}, {0xb04,0x1d}, {0xb05,0x4},
  {0xb0d,0x1d}, {0xb0f,0x4}, {0xb11,0x1d}, {0xb13,0x4},
  {0xb29,0x1d}, {0xb2a,0x4}, {0xb31,0x1d}, {0xb32,0x4},
  {0xb34,0x1d}, {0xb35,0x4}, {0xb3a,0x1d}, {0xb3c,0x105},
  {0xb3d,0x4}, {0xb3e,0x6}, {0xb3f,0x105}, {0xb40,0x6},
  {0xb41,0x105}, {0xb45,0x1d}, {0xb47,0x6}, {0xb49,0x1d},
  {0xb4b,0x6}, {0xb4d,0x105}, {0xb4e,0x1d}, {0xb55,0x105},
  {0xb57,0x6}, {0xb58,0x1d}, {0xb5c,0x4}, {0xb5e,0x1d},
  {0xb5f,0x4}, {0xb62,0x105}, {0xb64,0x1d}, {0xb66,0x4008},
  {0xb67,0x4408}, {0xb68,0x4808}, {0xb69,0x4c08}, {0xb6a,0x5008},
  {0xb6b,0x5408}, {0xb6c,0x5808}, {0xb6d,0x5c08}, {0xb6e,0x6008},
  {0xb6f,0x6408}, {0xb70,0x15}, {0xb71,0x4}, {0xb72,0xa},
  {0xb78,0x1d}, {0xb82,0x105}, {0xb83,0x4}, {0xb84,0x1d},
  {0xb85,0x4}, {0xb8b,0x1d}, {0xb8e,0x4}, {0xb91,0x1d},
  {0xb92,0x4}, {0xb96,0x1d}, {0xb99,0x4}, {0xb9b,0x1d},
  {0xb9c,0x4}, {0xb9d,0x1d}, {0xb9e,0x4}, {0xba0,0x1d},
  {0xba3,0x4}, {0xba5,0x1d}, {0xba8,0x4}, {0xbab,0x1d},
  {0xbae,0x4}, {0xbba,0x1d}, {0xbbe,0x6}, {0xbc0,0x105},
  {0xbc1,0x6}, {0xbc3,0x1d}, {0xbc6,0x6}, {0xbc9,0x1d},
  {0xbca,0x6}, {0xbcd,0x105}, {0xbce,0x1d}, {0xbd0,0x4},
  {0xbd1,0x1d}, {0xbd7,0x6}, {0xbd8,0x1d}, {0xbe6,0x4008},
  {0xbe7,0x4408}, {0xbe8,0x4808}, {0xbe9,0x4c08}, {0xbea,0x5008},
  {0xbeb,0x5408}, {0xbec,0x5808}, {0xbed,0x5c08}, {0xbee,0x6008},
  {0xbef,0x6408}, {0xbf0,0xa}, {0xbf3,0x1b5}, {0xbf9,0xb3},
  {0xbfa,0x1b5}, {0xbfb,0x1d}, {0xc00,0x105}, {0xc01,0x6},
  {0xc04,0x105}, {0xc05,0x4}, {0xc0d,0x1d}, {0xc0e,0x4},
  {0xc11,0x1d}, {0xc12,0x4}, {0xc29,0x1d}, {0xc2a,0x4},
  {0xc3a,0x1d}, {0xc3c,0x105}, {0xc3d,0x4}, {0xc3e,0x105},
  {0xc41,0x6}, {0xc45,0x1d}, {0xc46,0x105}, {0xc49,0x1d},
  {0xc4a,0x105}, {0xc4e,0x1d}, {0xc55,0x105}, {0xc57,0x1d},
  {0xc58,0x4}, {0xc5b,0x1d}, {0xc5d,0x4}, {0xc5e,0x1d},
  {0xc60,0x4}, {0xc62,0x105}, {0xc64,0x1d}, {0xc66,0x4008},
  {0xc67,0x4408}, {0xc68,0x4808}, {0xc69,0x4c08}, {0xc6a,0x5008},
  {0xc6b,0x5408}, {0xc6c,0x5808}, {0xc6d,0x5c08}, {0xc6e,0x6008},
  {0xc6f,0x6408}, {0xc70,0x1d}, {0xc77,0x11}, {0xc78,0x1aa},
  {0xc7f,0x15}, {0xc80,0x4}, {0xc81,0x105}, {0xc82,0x6},
  {0xc84,0x11}, {0xc85,0x4}, {0xc8d,0x1d}, {0xc8e,0x4},
  {0xc91,0x1d}, {0xc92,0x4}, {0xca9,0x1d}, {0xcaa,0x4},
  {0xcb4,0x1d}, {0xcb5,0x4}, {0xcba,0x1d}, {0xcbc,0x105},
  {0xcbd,0x4}, {0xcbe,0x6}, {0xcbf,0x5}, {0xcc0,0x6},
  {0xcc5,0x1d}, {0xcc6,0x5}, {0xcc7,0x6}, {0xcc9,0x1d},
  {0xcca,0x6}, {0xccc,0x105}, {0xcce,0x1d}, {0xcd5,0x6},
  {0xcd7,0x1d}, {0xcdd,0x4}, {0xcdf,0x1d}, {0xce0,0x4},
  {0xce2,0x105}, {0xce4,0x1d}, {0xce6,0x4008}, {0xce7,0x4408},
  {0xce8,0x4808}, {0xce9,0x4c08}, {0xcea,0x5008}, {0xceb,0x5408},
  {0xcec,0x5808}, {0xced,0x5c08}, {0xcee,0x6008}, {0xcef,0x6408},
  {0xcf0,0x1d}, {0xcf1,0x4}, {0xcf3,0x1d}, {0xd00,0x105},
  {0xd02,0x6}, {0xd04,0x4}, {0xd0d,0x1d}, {0xd0e,0x4},
  {0xd11,0x1d}, {0xd12,0x4}, {0xd3b,0x105}, {0xd3d,0x4},
  {0xd3e,0x6}, {0xd41,0x105}, {0xd45,0x1d}, {0xd46,0x6},
  {0xd49,0x1d}, {0xd4a,0x6}, {0xd4d,0x105}, {0xd4e,0x4},
  {0xd4f,0x15}, {0xd50,0x1d}, {0xd54,0x4}, {0xd57,0x6},
  {0xd58,0xa}, {0xd5f,0x4}, {0xd62,0x105}, {0xd64,0x1d},
  {0xd66,0x4008}, {0xd67,0x4408}, {0xd68,0x4808}, {0xd69,0x4c08},
  {0xd6a,0x5008}, {0xd6b,0x5408}, {0xd6c,0x5808}, {0xd6d,0x5c08},
  {0xd6e,0x6008}, {0xd6f,0x6408}, {0xd70,0xa}, {0xd79,0x15},
  {0xd7a,0x4}, {0xd80,0x1d}, {0xd81,0x105}, {0xd82,0x6},
  {0xd84,0x1d}, {0xd85,0x4}, {0xd97,0x1d}, {0xd9a,0x4},
  {0xdb2,0x1d}, {0xdb3,0x4}, {0xdbc,0x1d}, {0xdbd,0x4},
  {0xdbe,0x1d}, {0xdc0,0x4}, {0xdc7,0x1d}, {0xdca,0x105},
  {0xdcb,0x1d}, {0xdcf,0x6}, {0xdd2,0x105}, {0xdd5,0x1d},
  {0xdd6,0x105}, {0xdd7,0x1d}, {0xdd8,0x6}, {0xde0,0x1d},
  {0xde6,0x4008}, {0xde7,0x4408}, {0xde8,0x4808}, {0xde9,0x4c08},
  {0xdea,0x5008}, {0xdeb,0x5408}, {0xdec,0x5808}, {0xded,0x5c08},
  {0xdee,0x6008}, {0xdef,0x6408}, {0xdf0,0x1d}, {0xdf2,0x6},
  {0xdf4,0x11}, {0xdf5,0x1d}, {0xe01,0x4}, {0xe31,0x105},
  {0xe32,0x4}, {0xe34,0x105}, {0xe3b,0x1d}, {0xe3f,0xb3},
  {0xe40,0x4}, {0xe46,0x3}, {0xe47,0x105}, {0xe4f,0x11},
  {0xe50,0x4008}, {0xe51,0x4408}, {0xe52,0x4808}, {0xe53,0x4c08},
  {0xe54,0x5008}, {0xe55,0x5408}, {0xe56,0x5808}, {0xe57,0x5c08},
  {0xe58,0x6008}, {0xe59,0x6408}, {0xe5a,0x11}, {0xe5c,0x1d},
  {0xe81,0x4}, {0xe83,0x1d}, {0xe84,0x4}, {0xe85,0x1d},
  {0xe86,0x4}, {0xe8b,0x1d}, {0xe8c,0x4}, {0xea4,0x1d},
  {0xea5,0x4}, {0xea6,0x1d}, {0xea7,0x4}, {0xeb1,0x105},
  {0xeb2,0x4}, {0xeb4,0x105}, {0xebd,0x4}, {0xebe,0x1d},
  {0xec0,0x4}, {0xec5,0x1d}, {0xec6,0x3}, {0xec7,0x1d},
  {0xec8,0x105}, {0xece,0x1d}, {0xed0,0x4008}, {0xed1,0x4408},
  {0xed2,0x4808}, {0xed3,0x4c08}, {0xed4,0x5008}, {0xed5,0x5408},
  {0xed6,0x5808}, {0xed7,0x5c08}, {0xed8,0x6008}, {0xed9,0x6408},
  {0xeda,0x1d}, {0xedc,0x4}, {0xee0,0x1d}, {0xf00,0x4},
  {0xf01,0x15}, {0xf04,0x11}, {0xf13,0x15}, {0xf14,0x11},
  {0xf15,0x15}, {0xf18,0x105}, {0xf1a,0x15}, {0xf20,0x4008},
  {0xf21,0x4408}, {0xf22,0x4808}, {0xf23,0x4c08}, {0xf24,0x5008},
  {0xf25,0x5408}, {0xf26,0x5808}, {0xf27,0x5c08}, {0xf28,0x6008},
  {0xf29,0x6408}, {0xf2a,0xa}, {0xf34,0x15}, {0xf35,0x105},
  {0xf36,0x15}, {0xf37,0x105}, {0xf38,0x15}, {0xf39,0x105},
  {0xf3a,0x1ad}, {0xf3b,0x1ae}, {0xf3c,0x1ad}, {0xf3d,0x1ae},
  {0xf3e,0x6}, {0xf40,0x4}, {0xf48,0x1d}, {0xf49,0x4},
  {0xf6d,0x1d}, {0xf71,0x105}, {0xf7f,0x6}, {0xf80,0x105},
  {0xf85,0x11}, {0xf86,0x105}, {0xf88,0x4}, {0xf8d,0x105},
  {0xf98,0x1d}, {0xf99,0x105}, {0xfbd,0x1d}, {0xfbe,0x15},
  {0xfc6,0x105}, {0xfc7,0x15}, {0xfcd,0x1d}, {0xfce,0x15},
  {0xfd0,0x11}, {0xfd5,0x15}, {0xfd9,0x11}, {0xfdb,0x1d},
  {0x1000,0x4}, {0x102b,0x6}, {0x102d,0x105}, {0x1031,0x6},
  {0x1032,0x105}, {0x1038,0x6}, {0x1039,0x105}, {0x103b,0x6},
  {0x103d,0x105}, {0x103f,0x4}, {0x1040,0x4008}, {0x1041,0x4408},
  {0x1042,0x4808}, {0x1043,0x4c08}, {0x1044,0x5008}, {0x1045,0x5408},
  {0x1046,0x5808}, {0x1047,0x5c08}, {0x1048,0x6008}, {0x1049,0x6408},
  {0x104a,0x11}, {0x1050,0x4}, {0x1056,0x6}, {0x1058,0x105},
  {0x105a,0x4}, {0x105e,0x105}, {0x1061,0x4}, {0x1062,0x6},
  {0x1065,0x4}, {0x1067,0x6}, {0x106e,0x4}, {0x1071,0x105},
  {0x1075,0x4}, {0x1082,0x105}, {0x1083,0x6}, {0x1085,0x105},
  {0x1087,0x6}, {0x108d,0x105}, {0x108e,0x4}, {0x108f,0x6},
  {0x1090,0x4008}, {0x1091,0x4408}, {0x1092,0x4808}, {0x1093,0x4c08},
  {0x1094,0x5008}, {0x1095,0x5408}, {0x1096,0x5808}, {0x1097,0x5c08},
  {0x1098,0x6008}, {0x1099,0x6408}, {0x109a,0x6}, {0x109d,0x105},
  {0x109e,0x15}, {0x10a0,0x0}, {0x10c6,0x1d}, {0x10c7,0x0},
  {0x10c8,0x1d}, {0x10cd,0x0}, {0x10ce,0x1d}, {0x10d0,0x1},
  {0x10fb,0x11}, {0x10fc,0x3}, {0x10fd,0x1}, {0x1100,0x4},
  {0x1249,0x1d}, {0x124a,0x4}, {0x124e,0x1d}, {0x1250,0x4},
  {0x1257,0x1d}, {0x1258,0x4}, {0x1259,0x1d}, {0x125a,0x4},
  {0x125e,0x1d}, {0x1260,0x4}, {0x1289,0x1d}, {0x128a,0x4},
  {0x128e,0x1d}, {0x1290,0x4}, {0x12b1,0x1d}, {0x12b2,0x4},
  {0x12b6,0x1d}, {0x12b8,0x4}, {0x12bf,0x1d}, {0x12c0,0x4},
  {0x12c1,0x1d}, {0x12c2,0x4}, {0x12c6,0x1d}, {0x12c8,0x4},
  {0x12d7,0x1d}, {0x12d8,0x4}, {0x1311,0x1d}, {0x1312,0x4},
  {0x1316,0x1d}, {0x1318,0x4}, {0x135b,0x1d}, {0x135d,0x105},
  {0x1360,0x11}, {0x1369,0xa}, {0x137d,0x1d}, {0x1380,0x4},
  {0x1390,0x1b5}, {0x139a,0x1d}, {0x13a0,0x0}, {0x13f6,0x1d},
  {0x13f8,0x1}, {0x13fe,0x1d}, {0x1400,0x1ac}, {0x1401,0x4},
  {0x166d,0x15}, {0x166e,0x11}, {0x166f,0x4}, {0x1680,0x8196},
  {0x1681,0x4}, {0x169b,0x1ad}, {0x169c,0x1ae}, {0x169d,0x1d},
  {0x16a0,0x4}, {0x16eb,0x11}, {0x16ee,0x9}, {0x16f1,0x4},
  {0x16f9,0x1d}, {0x1700,0x4}, {0x1712,0x105}, {0x1715,0x6},
  {0x1716,0x1d}, {0x171f,0x4}, {0x1732,0x105}, {0x1734,0x6},
  {0x1735,0x11}, {0x1737,0x1d}, {0x1740,0x4}, {0x1752,0x105},
  {0x1754,0x1d}, {0x1760,0x4}, {0x176d,0x1d}, {0x176e,0x4},
  {0x1771,0x1d}, {0x1772,0x105}, {0x1774,0x1d}, {0x1780,0x4},
  {0x17b4,0x105}, {0x17b6,0x6}, {0x17b7,0x105}, {0x17be,0x6},
  {0x17c6,0x105}, {0x17c7,0x6}, {0x17c9,0x105}, {0x17d4,0x11},
  {0x17d7,0x3}, {0x17d8,0x11}, {0x17db,0xb3}, {0x17dc,0x4},
  {0x17dd,0x105}, {0x17de,0x1d}, {0x17e0,0x4008}, {0x17e1,0x4408},
  {0x17e2,0x4808}, {0x17e3,0x4c08}, {0x17e4,0x5008}, {0x17e5,0x5408},
  {0x17e6,0x5808}, {0x17e7,0x5c08}, {0x17e8,0x6008}, {0x17e9,0x6408},
  {0x17ea,0x1d}, {0x17f0,0x1aa}, {0x17fa,0x1d}, {0x1800,0x1b1},
  {0x1806,0x1ac}, {0x1807,0x1b1}, {0x180b,0x105}, {0x180e,0x13a},
  {0x180f,0x105}, {0x1810,0x4008}, {0x1811,0x4408}, {0x1812,0x4808},
  {0x1813,0x4c08}, {0x1814,0x5008}, {0x1815,0x5408}, {0x1816,0x5808},
  {0x1817,0x5c08}, {0x1818,0x6008}, {0x1819,0x6408}, {0x181a,0x1d},
  {0x1820,0x4}, {0x1843,0x3}, {0x1844,0x4}, {0x1879,0x1d},
  {0x1880,0x4}, {0x1885,0x105}, {0x1887,0x4}, {0x18a9,0x105},
  {0x18aa,0x4}, {0x18ab,0x1d}, {0x18b0,0x4}, {0x18f6,0x1d},
  {0x1900,0x4}, {0x191f,0x1d}, {0x1920,0x105}, {0x1923,0x6},
  {0x1927,0x105}, {0x1929,0x6}, {0x192c,0x1d}, {0x1930,0x6},
  {0x1932,0x105}, {0x1933,0x6}, {0x1939,0x105}, {0x193c,0x1d},
  {0x1940,0x1b5}, {0x1941,0x1d}, {0x1944,0x1b1}, {0x1946,0x4008},
  {0x1947,0x4408}, {0x1948,0x4808}, {0x1949,0x4c08}, {0x194a,0x5008},
  {0x194b,0x5408}, {0x194c,0x5808}, {0x194d,0x5c08}, {0x194e,0x6008},
  {0x194f,0x6408}, {0x1950,0x4}, {0x196e,0x1d}, {0x1970,0x4},
  {0x1975,0x1d}, {0x1980,0x4}, {0x19ac,0x1d}, {0x19b0,0x4},
  {0x19ca,0x1d}, {0x19d0,0x4008}, {0x19d1,0x4408}, {0x19d2,0x4808},
  {0x19d3,0x4c08}, {0x19d4,0x5008}, {0x19d5,0x5408}, {0x19d6,0x5808},
  {0x19d7,0x5c08}, {0x19d8,0x6008}, {0x19d9,0x6408}, {0x19da,0xa},
  {0x19db,0x1d}, {0x19de,0x1b5}, {0x1a00,0x4}, {0x1a17,0x105},
  {0x1a19,0x6}, {0x1a1b,0x105}, {0x1a1c,0x1d}, {0x1a1e,0x11},
  {0x1a20,0x4}, {0x1a55,0x6}, {0x1a56,0x105}, {0x1a57,0x6},
  {0x1a58,0x105}, {0x1a5f,0x1d}, {0x1a60,0x105}, {0x1a61,0x6},
  {0x1a62,0x105}, {0x1a63,0x6}, {0x1a65,0x105}, {0x1a6d,0x6},
  {0x1a73,0x105}, {0x1a7d,0x1d}, {0x1a7f,0x105}, {0x1a80,0x4008},
  {0x1a81,0x4408}, {0x1a82,0x4808}, {0x1a83,0x4c08}, {0x1a84,0x5008},
  {0x1a85,0x5408}, {0x1a86,0x5808}, {0x1a87,0x5c08}, {0x1a88,0x6008},
  {0x1a89,0x6408}, {0x1a8a,0x1d}, {0x1a90,0x4008}, {0x1a91,0x4408},
  {0x1a92,0x4808}, {0x1a93,0x4c08}, {0x1a94,0x5008}, {0x1a95,0x5408},
  {0x1a96,0x5808}, {0x1a97,0x5c08}, {0x1a98,0x6008}, {0x1a99,0x6408},
  {0x1a9a,0x1d}, {0x1aa0,0x11}, {0x1aa7,0x3}, {0x1aa8,0x11},
  {0x1aae,0x1d}, {0x1ab0,0x105}, {0x1abe,0x107}, {0x1abf,0x105},
  {0x1acf,0x1d}, {0x1b00,0x105}, {0x1b04,0x6}, {0x1b05,0x4},
  {0x1b34,0x105}, {0x1b35,0x6}, {0x1b36,0x105}, {0x1b3b,0x6},
  {0x1b3c,0x105}, {0x1b3d,0x6}, {0x1b42,0x105}, {0x1b43,0x6},
  {0x1b45,0x4}, {0x1b4d,0x1d}, {0x1b50,0x4008}, {0x1b51,0x4408},
  {0x1b52,0x4808}, {0x1b53,0x4c08}, {0x1b54,0x5008}, {0x1b55,0x5408},
  {0x1b56,0x5808}, {0x1b57,0x5c08}, {0x1b58,0x6008}, {0x1b59,0x6408},
  {0x1b5a,0x11}, {0x1b61,0x15}, {0x1b6b,0x105}, {0x1b74,0x15},
  {0x1b7d,0x11}, {0x1b7f,0x1d}, {0x1b80,0x105}, {0x1b82,0x6},
  {0x1b83,0x4}, {0x1ba1,0x6}, {0x1ba2,0x105}, {0x1ba6,0x6},
  {0x1ba8,0x105}, {0x1baa,0x6}, {0x1bab,0x105}, {0x1bae,0x4},
  {0x1bb0,0x4008}, {0x1bb1,0x4408}, {0x1bb2,0x4808}, {0x1bb3,0x4c08},
  {0x1bb4,0x5008}, {0x1bb5,0x5408}, {0x1bb6,0x5808}, {0x1bb7,0x5c08},
  {0x1bb8,0x6008}, {0x1bb9,0x6408}, {0x1bba,0x4}, {0x1be6,0x105},
  {0x1be7,0x6}, {0x1be8,0x105}, {0x1bea,0x6}, {0x1bed,0x105},
  {0x1bee,0x6}, {0x1bef,0x105}, {0x1bf2,0x6}, {0x1bf4,0x1d},
  {0x1bfc,0x11}, {0x1c00,0x4}, {0x1c24,0x6}, {0x1c2c,0x105},
  {0x1c34,0x6}, {0x1c36,0x105}, {0x1c38,0x1d}, {0x1c3b,0x11},
  {0x1c40,0x4008}, {0x1c41,0x4408}, {0x1c42,0x4808}, {0x1c43,0x4c08},
  {0x1c44,0x5008}, {0x1c45,0x5408}, {0x1c46,0x5808}, {0x1c47,0x5c08},
  {0x1c48,0x6008}, {0x1c49,0x6408}, {0x1c4a,0x1d}, {0x1c4d,0x4},
  {0x1c50,0x4008}, {0x1c51,0x4408}, {0x1c52,0x4808}, {0x1c53,0x4c08},
  {0x1c54,0x5008}, {0x1c55,0x5408}, {0x1c56,0x5808}, {0x1c57,0x5c08},
  {0x1c58,0x6008}, {0x1c59,0x6408}, {0x1c5a,0x4}, {0x1c78,0x3},
  {0x1c7e,0x11}, {0x1c80,0x600001}, {0x1c89,0x1d}, {0x1c90,0x0},
  {0x1cbb,0x1d}, {0x1cbd,0x0}, {0x1cc0,0x11}, {0x1cc8,0x1d},
  {0x1cd0,0x105}, {0x1cd3,0x11}, {0x1cd4,0x105}, {0x1ce1,0x6},
  {0x1ce2,0x105}, {0x1ce9,0x4}, {0x1ced,0x105}, {0x1cee,0x4},
  {0x1cf4,0x105}, {0x1cf5,0x4}, {0x1cf7,0x6}, {0x1cf8,0x105},
  {0x1cfa,0x4}, {0x1cfb,0x1d}, {0x1d00,0x200001}, {0x1d26,0x400001},
  {0x1d2b,0x600001}, {0x1d2c,0x3}, {0x1d62,0x200003}, {0x1d66,0x400003},
  {0x1d6b,0x200001}, {0x1d78,0x3}, {0x1d79,0x200001}, {0x1d9b,0x3},
  {0x1dc0,0x105}, {0x1e00,0x200000}, {0x1e01,0x200001}, {0x1e02,0x200000},
  {0x1e03,0x200001}, {0x1e04,0x200000}, {0x1e05,0x200001}, {0x1e06,0x200000},
  {0x1e07,0x200001}, {0x1e08,0x200000}, {0x1e09,0x200001}, {0x1e0a,0x200000},
  {0x1e0b,0x200001}, {0x1e0c,0x200000}, {0x1e0d,0x200001}, {0x1e0e,0x200000},
  {0x1e0f,0x200001}, {0x1e10,0x200000}, {0x1e11,0x200001}, {0x1e12,0x200000},
  {0x1e13,0x200001}, {0x1e14,0x200000}, {0x1e15,0x200001}, {0x1e16,0x200000},
  {0x1e17,0x200001}, {0x1e18,0x200000}, {0x1e19,0x200001}, {0x1e1a,0x200000},
  {0x1e1b,0x200001}, {0x1e1c,0x200000}, {0x1e1d,0x200001}, {0x1e1e,0x200000},
  {0x1e1f,0x200001}, {0x1e20,0x200000}, {0x1e21,0x200001}, {0x1e22,0x200000},
  {0x1e23,0x200001}, {0x1e24,0x200000}, {0x1e25,0x200001}, {0x1e26,0x200000},
  {0x1e27,0x200001}, {0x1e28,0x200000}, {0x1e29,0x200001}, {0x1e2a,0x200000},
  {0x1e2b,0x200001}, {0x1e2c,0x200000}, {0x1e2d,0x200001}, {0x1e2e,0x200000},
  {0x1e2f,0x200001}, {0x1e30,0x200000}, {0x1e31,0x200001}, {0x1e32,0x200000},
  {0x1e33,0x200001}, {0x1e34,0x200000}, {0x1e35,0x200001}, {0x1e36,0x200000},
  {0x1e37,0x200001}, {0x1e38,0x200000}, {0x1e39,0x200001}, {0x1e3a,0x200000},
  {0x1e3b,0x200001}, {0x1e3c,0x200000}, {0x1e3d,0x200001}, {0x1e3e,0x200000},
  {0x1e3f,0x200001}, {0x1e40,0x200000}, {0x1e41,0x200001}, {0x1e42,0x200000},
  {0x1e43,0x200001}, {0x1e44,0x200000}, {0x1e45,0x200001}, {0x1e46,0x200000},
  {0x1e47,0x200001}, {0x1e48,0x200000}, {0x1e49,0x200001}, {0x1e4a,0x200000},
  {0x1e4b,0x200001}, {0x1e4c,0x200000}, {0x1e4d,0x200001}, {0x1e4e,0x200000},
  {0x1e4f,0x200001}, {0x1e50,0x200000}, {0x1e51,0x200001}, {0x1e52,0x200000},
  {0x1e53,0x200001}, {0x1e54,0x200000}, {0x1e55,0x200001}, {0x1e56,0x200000},
  {0x1e57,0x200001}, {0x1e58,0x200000}, {0x1e59,0x200001}, {0x1e5a,0x200000},
  {0x1e5b,0x200001}, {0x1e5c,0x200000}, {0x1e5d,0x200001}, {0x1e5e,0x200000},
  {0x1e5f,0x200001}, {0x1e60,0x200000}, {0x1e61,0x200001}, {0x1e62,0x200000},
  {0x1e63,0x200001}, {0x1e64,0x200000}, {0x1e65,0x200001}, {0x1e66,0x200000},
  {0x1e67,0x200001}, {0x1e68,0x200000}, {0x1e69,0x200001}, {0x1e6a,0x200000},
  {0x1e6b,0x200001}, {0x1e6c,0x200000}, {0x1e6d,0x200001}, {0x1e6e,0x200000},
  {0x1e6f,0x200001}, {0x1e70,0x200000}, {0x1e71,0x200001}, {0x1e72,0x200000},
  {0x1e73,0x200001}, {0x1e74,0x200000}, {0x1e75,0x200001}, {0x1e76,0x200000},
  {0x1e77,0x200001}, {0x1e78,0x200000}, {0x1e79,0x200001}, {0x1e7a,0x200000},
  {0x1e7b,0x200001}, {0x1e7c,0x200000}, {0x1e7d,0x200001}, {0x1e7e,0x200000},
  {0x1e7f,0x200001}, {0x1e80,0x200000}, {0x1e81,0x200001}, {0x1e82,0x200000},
  {0x1e83,0x200001}, {0x1e84,0x200000}, {0x1e85,0x200001}, {0x1e86,0x200000},
  {0x1e87,0x200001}, {0x1e88,0x200000}, {0x1e89,0x200001}, {0x1e8a,0x200000},
  {0x1e8b,0x200001}, {0x1e8c,0x200000}, {0x1e8d,0x200001}, {0x1e8e,0x200000},
  {0x1e8f,0x200001}, {0x1e90,0x200000}, {0x1e91,0x200001}, {0x1e92,0x200000},
  {0x1e93,0x200001}, {0x1e94,0x200000}, {0x1e95,0x200001}, {0x1e9e,0x200000},
  {0x1e9f,0x200001}, {0x1ea0,0x200000}, {0x1ea1,0x200001}, {0x1ea2,0x200000},
  {0x1ea3,0x200001}, {0x1ea4,0x200000}, {0x1ea5,0x200001}, {0x1ea6,0x200000},
  {0x1ea7,0x200001}, {0x1ea8,0x200000}, {0x1ea9,0x200001}, {0x1eaa,0x200000},
  {0x1eab,0x200001}, {0x1eac,0x200000}, {0x1ead,0x200001}, {0x1eae,0x200000},
  {0x1eaf,0x200001}, {0x1eb0,0x200000}, {0x1eb1,0x200001}, {0x1eb2,0x200000},
  {0x1eb3,0x200001}, {0x1eb4,0x200000}, {0x1eb5,0x200001}, {0x1eb6,0x200000},
  {0x1eb7,0x200001}, {0x1eb8,0x200000}, {0x1eb9,0x200001}, {0x1eba,0x200000},
  {0x1ebb,0x200001}, {0x1ebc,0x200000}, {0x1ebd,0x200001}, {0x1ebe,0x200000},
  {0x1ebf,0x200001}, {0x1ec0,0x200000}, {0x1ec1,0x200001}, {0x1ec2,0x200000},
  {0x1ec3,0x200001}, {0x1ec4,0x200000}, {0x1ec5,0x200001}, {0x1ec6,0x200000},
  {0x1ec7,0x200001}, {0x1ec8,0x200000}, {0x1ec9,0x200001}, {0x1eca,0x200000},
  {0x1ecb,0x200001}, {0x1ecc,0x200000}, {0x1ecd,0x200001}, {0x1ece,0x200000},
  {0x1ecf,0x200001}, {0x1ed0,0x200000}, {0x1ed1,0x200001}, {0x1ed2,0x200000},
  {0x1ed3,0x200001}, {0x1ed4,0x200000}, {0x1ed5,0x200001}, {0x1ed6,0x200000},
  {0x1ed7,0x200001}, {0x1ed8,0x200000}, {0x1ed9,0x200001}, {0x1eda,0x200000},
  {0x1edb,0x200001}, {0x1edc,0x200000}, {0x1edd,0x200001}, {0x1ede,0x200000},
  {0x1edf,0x200001}, {0x1ee0,0x200000}, {0x1ee1,0x200001}, {0x1ee2,0x200000},
  {0x1ee3,0x200001}, {0x1ee4,0x200000}, {0x1ee5,0x200001}, {0x1ee6,0x200000},
  {0x1ee7,0x200001}, {0x1ee8,0x200000}, {0x1ee9,0x200001}, {0x1eea,0x200000},
  {0x1eeb,0x200001}, {0x1eec,0x200000}, {0x1eed,0x200001}, {0x1eee,0x200000},
  {0x1eef,0x200001}, {0x1ef0,0x200000}, {0x1ef1,0x200001}, {0x1ef2,0x200000},
  {0x1ef3,0x200001}, {0x1ef4,0x200000}, {0x1ef5,0x200001}, {0x1ef6,0x200000},
  {0x1ef7,0x200001}, {0x1ef8,0x200000}, {0x1ef9,0x200001}, {0x1efa,0x200000},
  {0x1efb,0x200001}, {0x1efc,0x200000}, {0x1efd,0x200001}, {0x1efe,0x200000},
  {0x1eff,0x200001}, {0x1f00,0x400001}, {0x1f08,0x400000}, {0x1f10,0x400001},
  {0x1f16,0x1d}, {0x1f18,0x400000}, {0x1f1e,0x1d}, {0x1f20,0x400001},
  {0x1f28,0x400000}, {0x1f30,0x400001}, {0x1f38,0x400000}, {0x1f40,0x400001},
  {0x1f46,0x1d}, {0x1f48,0x400000}, {0x1f4e,0x1d}, {0x1f50,0x400001},
  {0x1f58,0x1d}, {0x1f59,0x400000}, {0x1f5a,0x1d}, {0x1f5b,0x400000},
  {0x1f5c,0x1d}, {0x1f5d,0x400000}, {0x1f5e,0x1d}, {0x1f5f,0x400000},
  {0x1f60,0x400001}, {0x1f68,0x400000}, {0x1f70,0x400001}, {0x1f7e,0x1d},
  {0x1f80,0x400001}, {0x1f88,0x400002}, {0x1f90,0x400001}, {0x1f98,0x400002},
  {0x1fa0,0x400001}, {0x1fa8,0x400002}, {0x1fb0,0x400001}, {0x1fb5,0x1d},
  {0x1fb6,0x400001}, {0x1fb8,0x400000}, {0x1fbc,0x400002}, {0x1fbd,0x1b4},
  {0x1fbe,0x400001}, {0x1fbf,0x1b4}, {0x1fc2,0x400001}, {0x1fc5,0x1d},
  {0x1fc6,0x400001}, {0x1fc8,0x400000}, {0x1fcc,0x400002}, {0x1fcd,0x1b4},
  {0x1fd0,0x400001}, {0x1fd4,0x1d}, {0x1fd6,0x400001}, {0x1fd8,0x400000},
  {0x1fdc,0x1d}, {0x1fdd,0x1b4}, {0x1fe0,0x400001}, {0x1fe8,0x400000},
  {0x1fed,0x1b4}, {0x1ff0,0x1d}, {0x1ff2,0x400001}, {0x1ff5,0x1d},
  {0x1ff6,0x400001}, {0x1ff8,0x400000}, {0x1ffc,0x400002}, {0x1ffd,0x1b4},
  {0x1fff,0x1d}, {0x2000,0x8196}, {0x200b,0x13a}, {0x200e,0x1a},
  {0x200f,0x3a}, {0x2010,0x1ac}, {0x2016,0x1b1}, {0x2018,0x1af},
  {0x2019,0x1b0}, {0x201a,0x1ad}, {0x201b,0x1af}, {0x201d,0x1b0},
  {0x201e,0x1ad}, {0x201f,0x1af}, {0x2020,0x1b1}, {0x2028,0x8197},
  {0x2029,0x8158}, {0x202a,0x1da}, {0x202b,0x21a}, {0x202c,0x25a},
  {0x202d,0x1fa}, {0x202e,0x23a}, {0x202f,0x80f6}, {0x2030,0xb1},
  {0x2035,0x1b1}, {0x2039,0x1af}, {0x203a,0x1b0}, {0x203b,0x1b1},
  {0x203f,0x1ab}, {0x2041,0x1b1}, {0x2044,0xf2}, {0x2045,0x1ad},
  {0x2046,0x1ae}, {0x2047,0x1b1}, {0x2052,0x1b2}, {0x2053,0x1b1},
  {0x2054,0x1ab}, {0x2055,0x1b1}, {0x205f,0x8196}, {0x2060,0x13a},
  {0x2065,0x1d}, {0x2066,0x27a}, {0x2067,0x29a}, {0x2068,0x2ba},
  {0x2069,0x2da}, {0x206a,0x13a}, {0x2070,0x6a}, {0x2071,0x3},
  {0x2072,0x1d}, {0x2074,0x6a}, {0x207a,0x92}, {0x207c,0x1b2},
  {0x207d,0x1ad}, {0x207e,0x1ae}, {0x207f,0x3}, {0x2080,0x6a},
  {0x208a,0x92}, {0x208c,0x1b2}, {0x208d,0x1ad}, {0x208e,0x1ae},
  {0x208f,0x1d}, {0x2090,0x200003}, {0x209d,0x1d}, {0x20a0,0xb3},
  {0x20c1,0x1d}, {0x20d0,0x105}, {0x20dd,0x107}, {0x20e1,0x105},
  {0x20e2,0x107}, {0x20e5,0x105}, {0x20f1,0x1d}, {0x2100,0x1b5},
  {0x2102,0x0}, {0x2103,0x1b5}, {0x2107,0x0}, {0x2108,0x1b5},
  {0x210a,0x1}, {0x210b,0x0}, {0x210e,0x1}, {0x2110,0x0},
  {0x2113,0x1}, {0x2114,0x1b5}, {0x2115,0x0}, {0x2116,0x1b5},
  {0x2118,0x1b2}, {0x2119,0x0}, {0x211e,0x1b5}, {0x2124,0x0},
  {0x2125,0x1b5}, {0x2126,0x0}, {0x2127,0x1b5}, {0x2128,0x0},
  {0x2129,0x1b5}, {0x212a,0x0}, {0x212e,0xb5}, {0x212f,0x1},
  {0x2130,0x0}, {0x2134,0x1}, {0x2135,0x4}, {0x2139,0x1},
  {0x213a,0x1b5}, {0x213c,0x1}, {0x213e,0x0}, {0x2140,0x1b2},
  {0x2145,0x0}, {0x2146,0x1}, {0x214a,0x1b5}, {0x214b,0x1b2},
  {0x214c,0x1b5}, {0x214e,0x1}, {0x214f,0x15}, {0x2150,0x1aa},
  {0x2160,0x9}, {0x2183,0x0}, {0x2184,0x200001}, {0x2185,0x9},
  {0x2189,0x1aa}, {0x218a,0x1b5}, {0x218c,0x1d}, {0x2190,0x1b2},
  {0x2195,0x1b5}, {0x219a,0x1b2}, {0x219c,0x1b5}, {0x21a0,0x1b2},
  {0x21a1,0x1b5}, {0x21a3,0x1b2}, {0x21a4,0x1b5}, {0x21a6,0x1b2},
  {0x21a7,0x1b5}, {0x21ae,0x1b2}, {0x21af,0x1b5}, {0x21ce,0x1b2},
  {0x21d0,0x1b5}, {0x21d2,0x1b2}, {0x21d3,0x1b5}, {0x21d4,0x1b2},
  {0x21d5,0x1b5}, {0x21f4,0x1b2}, {0x2212,0x92}, {0x2213,0xb2},
  {0x2214,0x1b2}, {0x2300,0x1b5}, {0x2308,0x1ad}, {0x2309,0x1ae},
  {0x230a,0x1ad}, {0x230b,0x1ae}, {0x230c,0x1b5}, {0x2320,0x1b2},
  {0x2322,0x1b5}, {0x2329,0x1ad}, {0x232a,0x1ae}, {0x232b,0x1b5},
  {0x2336,0x15}, {0x237b,0x1b5}, {0x237c,0x1b2}, {0x237d,0x1b5},
  {0x2395,0x15}, {0x2396,0x1b5}, {0x239b,0x1b2}, {0x23b4,0x1b5},
  {0x23dc,0x1b2}, {0x23e2,0x1b5}, {0x2427,0x1d}, {0x2440,0x1b5},
  {0x244b,0x1d}, {0x2460,0x1aa}, {0x2488,0x6a}, {0x249c,0x15},
  {0x24ea,0x1aa}, {0x2500,0x1b5}, {0x25b7,0x1b2}, {0x25b8,0x1b5},
  {0x25c1,0x1b2}, {0x25c2,0x1b5}, {0x25f8,0x1b2}, {0x2600,0x1b5},
  {0x266f,0x1b2}, {0x2670,0x1b5}, {0x26ac,0x15}, {0x26ad,0x1b5},
  {0x2768,0x1ad}, {0x2769,0x1ae}, {0x276a,0x1ad}, {0x276b,0x1ae},
  {0x276c,0x1ad}, {0x276d,0x1ae}, {0x276e,0x1ad}, {0x276f,0x1ae},
  {0x2770,0x1ad}, {0x2771,0x1ae}, {0x2772,0x1ad}, {0x2773,0x1ae},
  {0x2774,0x1ad}, {0x2775,0x1ae}, {0x2776,0x1aa}, {0x2794,0x1b5},
  {0x27c0,0x1b2}, {0x27c5,0x1ad}, {0x27c6,0x1ae}, {0x27c7,0x1b2},
  {0x27e6,0x1ad}, {0x27e7,0x1ae}, {0x27e8,0x1ad}, {0x27e9,0x1ae},
  {0x27ea,0x1ad}, {0x27eb,0x1ae}, {0x27ec,0x1ad}, {0x27ed,0x1ae},
  {0x27ee,0x1ad}, {0x27ef,0x1ae}, {0x27f0,0x1b2}, {0x2800,0x15},
  {0x2900,0x1b2}, {0x2983,0x1ad}, {0x2984,0x1ae}, {0x2985,0x1ad},
  {0x2986,0x1ae}, {0x2987,0x1ad}, {0x2988,0x1ae}, {0x2989,0x1ad},
  {0x298a,0x1ae}, {0x298b,0x1ad}, {0x298c,0x1ae}, {0x298d,0x1ad},
  {0x298e,0x1ae}, {0x298f,0x1ad}, {0x2990,0x1ae}, {0x2991,0x1ad},
  {0x2992,0x1ae}, {0x2993,0x1ad}, {0x2994,0x1ae}, {0x2995,0x1ad},
  {0x2996,0x1ae}, {0x2997,0x1ad}, {0x2998,0x1ae}, {0x2999,0x1b2},
  {0x29d8,0x1ad}, {0x29d9,0x1ae}, {0x29da,0x1ad}, {0x29db,0x1ae},
  {0x29dc,0x1b2}, {0x29fc,0x1ad}, {0x29fd,0x1ae}, {0x29fe,0x1b2},
  {0x2b00,0x1b5}, {0x2b30,0x1b2}, {0x2b45,0x1b5}, {0x2b47,0x1b2},
  {0x2b4d,0x1b5}, {0x2b74,0x1d}, {0x2b76,0x1b5}, {0x2b96,0x1d},
  {0x2b97,0x1b5}, {0x2c00,0x0}, {0x2c30,0x1}, {0x2c60,0x200000},
  {0x2c61,0x200001}, {0x2c62,0x200000}, {0x2c65,0x200001}, {0x2c67,0x200000},
  {0x2c68,0x200001}, {0x2c69,0x200000}, {0x2c6a,0x200001}, {0x2c6b,0x200000},
  {0x2c6c,0x200001}, {0x2c6d,0x200000}, {0x2c71,0x200001}, {0x2c72,0x200000},
  {0x2c73,0x200001}, {0x2c75,0x200000}, {0x2c76,0x200001}, {0x2c7c,0x200003},
  {0x2c7d,0x3}, {0x2c7e,0x200000}, {0x2c80,0x0}, {0x2c81,0x1},
  {0x2c82,0x0}, {0x2c83,0x1}, {0x2c84,0x0}, {0x2c85,0x1},
  {0x2c86,0x0}, {0x2c87,0x1}, {0x2c88,0x0}, {0x2c89,0x1},
  {0x2c8a,0x0}, {0x2c8b,0x1}, {0x2c8c,0x0}, {0x2c8d,0x1},
  {0x2c8e,0x0}, {0x2c8f,0x1}, {0x2c90,0x0}, {0x2c91,0x1},
  {0x2c92,0x0}, {0x2c93,0x1}, {0x2c94,0x0}, {0x2c95,0x1},
  {0x2c96,0x0}, {0x2c97,0x1}, {0x2c98,0x0}, {0x2c99,0x1},
  {0x2c9a,0x0}, {0x2c9b,0x1}, {0x2c9c,0x0}, {0x2c9d,0x1},
  {0x2c9e,0x0}, {0x2c9f,0x1}, {0x2ca0,0x0}, {0x2ca1,0x1},
  {0x2ca2,0x0}, {0x2ca3,0x1}, {0x2ca4,0x0}, {0x2ca5,0x1},
  {0x2ca6,0x0}, {0x2ca7,0x1}, {0x2ca8,0x0}, {0x2ca9,0x1},
  {0x2caa,0x0}, {0x2cab,0x1}, {0x2cac,0x0}, {0x2cad,0x1},
  {0x2cae,0x0}, {0x2caf,0x1}, {0x2cb0,0x0}, {0x2cb1,0x1},
  {0x2cb2,0x0}, {0x2cb3,0x1}, {0x2cb4,0x0}, {0x2cb5,0x1},
  {0x2cb6,0x0}, {0x2cb7,0x1}, {0x2cb8,0x0}, {0x2cb9,0x1},
  {0x2cba,0x0}, {0x2cbb,0x1}, {0x2cbc,0x0}, {0x2cbd,0x1},
  {0x2cbe,0x0}, {0x2cbf,0x1}, {0x2cc0,0x0}, {0x2cc1,0x1},
  {0x2cc2,0x0}, {0x2cc3,0x1}, {0x2cc4,0x0}, {0x2cc5,0x1},
  {0x2cc6,0x0}, {0x2cc7,0x1}, {0x2cc8,0x0}, {0x2cc9,0x1},
  {0x2cca,0x0}, {0x2ccb,0x1}, {0x2ccc,0x0}, {0x2ccd,0x1},
  {0x2cce,0x0}, {0x2ccf,0x1}, {0x2cd0,0x0}, {0x2cd1,0x1},
  {0x2cd2,0x0}, {0x2cd3,0x1}, {0x2cd4,0x0}, {0x2cd5,0x1},
  {0x2cd6,0x0}, {0x2cd7,0x1}, {0x2cd8,0x0}, {0x2cd9,0x1},
  {0x2cda,0x0}, {0x2cdb,0x1}, {0x2cdc,0x0}, {0x2cdd,0x1},
  {0x2cde,0x0}, {0x2cdf,0x1}, {0x2ce0,0x0}, {0x2ce1,0x1},
  {0x2ce2,0x0}, {0x2ce3,0x1}, {0x2ce5,0x1b5}, {0x2ceb,0x0},
  {0x2cec,0x1}, {0x2ced,0x0}, {0x2cee,0x1}, {0x2cef,0x105},
  {0x2cf2,0x0}, {0x2cf3,0x1}, {0x2cf4,0x1d}, {0x2cf9,0x1b1},
  {0x2cfd,0x1aa}, {0x2cfe,0x1b1}, {0x2d00,0x1}, {0x2d26,0x1d},
  {0x2d27,0x1}, {0x2d28,0x1d}, {0x2d2d,0x1}, {0x2d2e,0x1d},
  {0x2d30,0x4}, {0x2d68,0x1d}, {0x2d6f,0x3}, {0x2d70,0x11},
  {0x2d71,0x1d}, {0x2d7f,0x105}, {0x2d80,0x4}, {0x2d97,0x1d},
  {0x2da0,0x4}, {0x2da7,0x1d}, {0x2da8,0x4}, {0x2daf,0x1d},
  {0x2db0,0x4}, {0x2db7,0x1d}, {0x2db8,0x4}, {0x2dbf,0x1d},
  {0x2dc0,0x4}, {0x2dc7,0x1d}, {0x2dc8,0x4}, {0x2dcf,0x1d},
  {0x2dd0,0x4}, {0x2dd7,0x1d}, {0x2dd8,0x4}, {0x2ddf,0x1d},
  {0x2de0,0x105}, {0x2e00,0x1b1}, {0x2e02,0x1af}, {0x2e03,0x1b0},
  {0x2e04,0x1af}, {0x2e05,0x1b0}, {0x2e06,0x1b1}, {0x2e09,0x1af},
  {0x2e0a,0x1b0}, {0x2e0b,0x1b1}, {0x2e0c,0x1af}, {0x2e0d,0x1b0},
  {0x2e0e,0x1b1}, {0x2e17,0x1ac}, {0x2e18,0x1b1}, {0x2e1a,0x1ac},
  {0x2e1b,0x1b1}, {0x2e1c,0x1af}, {0x2e1d,0x1b0}, {0x2e1e,0x1b1},
  {0x2e20,0x1af}, {0x2e21,0x1b0}, {0x2e22,0x1ad}, {0x2e23,0x1ae},
  {0x2e24,0x1ad}, {0x2e25,0x1ae}, {0x2e26,0x1ad}, {0x2e27,0x1ae},
  {0x2e28,0x1ad}, {0x2e29,0x1ae}, {0x2e2a,0x1b1}, {0x2e2f,0x1a3},
  {0x2e30,0x1b1}, {0x2e3a,0x1ac}, {0x2e3c,0x1b1}, {0x2e40,0x1ac},
  {0x2e41,0x1b1}, {0x2e42,0x1ad}, {0x2e43,0x1b1}, {0x2e50,0x1b5},
  {0x2e52,0x1b1}, {0x2e55,0x1ad}, {0x2e56,0x1ae}, {0x2e57,0x1ad},
  {0x2e58,0x1ae}, {0x2e59,0x1ad}, {0x2e5a,0x1ae}, {0x2e5b,0x1ad},
  {0x2e5c,0x1ae}, {0x2e5d,0x1ac}, {0x2e5e,0x1d}, {0x2e80,0x1b5},
  {0x2e9a,0x1d}, {0x2e9b,0x1b5}, {0x2ef4,0x1d}, {0x2f00,0x1b5},
  {0x2fd6,0x1d}, {0x2ff0,0x1b5}, {0x2ffc,0x1d}, {0x3000,0x88196},
  {0x3001,0x1b1}, {0x3004,0x1b5}, {0x3005,0x3}, {0x3006,0x4},
  {0x3007,0x9}, {0x3008,0x1ad}, {0x3009,0x1ae}, {0x300a,0x1ad},
  {0x300b,0x1ae}, {0x300c,0x1ad}, {0x300d,0x1ae}, {0x300e,0x1ad},
  {0x300f,0x1ae}, {0x3010,0x1ad}, {0x3011,0x1ae}, {0x3012,0x1b5},
  {0x3014,0x1ad}, {0x3015,0x1ae}, {0x3016,0x1ad}, {0x3017,0x1ae},
  {0x3018,0x1ad}, {0x3019,0x1ae}, {0x301a,0x1ad}, {0x301b,0x1ae},
  {0x301c,0x1ac}, {0x301d,0x1ad}, {0x301e,0x1ae}, {0x3020,0x1b5},
  {0x3021,0x9}, {0x302a,0x105}, {0x302e,0x6}, {0x3030,0x1ac},
  {0x3031,0x3}, {0x3036,0x1b5}, {0x3038,0x9}, {0x303b,0x3},
  {0x303c,0x4}, {0x303d,0x1b1}, {0x303e,0x1b5}, {0x3040,0x1d},
  {0x3041,0x20004}, {0x3097,0x1d}, {0x3099,0x105}, {0x309b,0x101b4},
  {0x309d,0x20003}, {0x309f,0x4}, {0x30a0,0x101ac}, {0x30a1,0x10004},
  {0x30fb,0x101b1}, {0x30fc,0x10003}, {0x30ff,0x10004}, {0x3100,0x1d},
  {0x3105,0x4}, {0x3130,0x1d}, {0x3131,0x4}, {0x318f,0x1d},
  {0x3190,0x15}, {0x3192,0xa}, {0x3196,0x15}, {0x31a0,0x4},
  {0x31c0,0x1b5}, {0x31e4,0x1d}, {0x31f0,0x10004}, {0x3200,0x15},
  {0x321d,0x1b5}, {0x321f,0x1d}, {0x3220,0xa}, {0x322a,0x15},
  {0x3248,0xa}, {0x3250,0x1b5}, {0x3251,0x1aa}, {0x3260,0x15},
  {0x327c,0x1b5}, {0x327f,0x15}, {0x3280,0xa}, {0x328a,0x15},
  {0x32b1,0x1aa}, {0x32c0,0x15}, {0x32cc,0x1b5}, {0x32d0,0x15},
  {0x3377,0x1b5}, {0x337b,0x15}, {0x33de,0x1b5}, {0x33e0,0x15},
  {0x33ff,0x1b5}, {0x3400,0x100004}, {0x4dc0,0x1b5}, {0x4e00,0x100004},
  {0xa000,0x4}, {0xa015,0x3}, {0xa016,0x4}, {0xa48d,0x1d},
  {0xa490,0x1b5}, {0xa4c7,0x1d}, {0xa4d0,0x4}, {0xa4f8,0x3},
  {0xa4fe,0x11}, {0xa500,0x4}, {0xa60c,0x3}, {0xa60d,0x1b1},
  {0xa610,0x4}, {0xa620,0x4008}, {0xa621,0x4408}, {0xa622,0x4808},
  {0xa623,0x4c08}, {0xa624,0x5008}, {0xa625,0x5408}, {0xa626,0x5808},
  {0xa627,0x5c08}, {0xa628,0x6008}, {0xa629,0x6408}, {0xa62a,0x4},
  {0xa62c,0x1d}, {0xa640,0x600000}, {0xa641,0x600001}, {0xa642,0x600000},
  {0xa643,0x600001}, {0xa644,0x600000}, {0xa645,0x600001}, {0xa646,0x600000},
  {0xa647,0x600001}, {0xa648,0x600000}, {0xa649,0x600001}, {0xa64a,0x600000},
  {0xa64b,0x600001}, {0xa64c,0x600000}, {0xa64d,0x600001}, {0xa64e,0x600000},
  {0xa64f,0x600001}, {0xa650,0x600000}, {0xa651,0x600001}, {0xa652,0x600000},
  {0xa653,0x600001}, {0xa654,0x600000}, {0xa655,0x600001}, {0xa656,0x600000},
  {0xa657,0x600001}, {0xa658,0x600000}, {0xa659,0x600001}, {0xa65a,0x600000},
  {0xa65b,0x600001}, {0xa65c,0x600000}, {0xa65d,0x600001}, {0xa65e,0x600000},
  {0xa65f,0x600001}, {0xa660,0x600000}, {0xa661,0x600001}, {0xa662,0x600000},
  {0xa663,0x600001}, {0xa664,0x600000}, {0xa665,0x600001}, {0xa666,0x600000},
  {0xa667,0x600001}, {0xa668,0x600000}, {0xa669,0x600001}, {0xa66a,0x600000},
  {0xa66b,0x600001}, {0xa66c,0x600000}, {0xa66d,0x600001}, {0xa66e,0x600004},
  {0xa66f,0x105}, {0xa670,0x107}, {0xa673,0x1b1}, {0xa674,0x105},
  {0xa67e,0x1b1}, {0xa67f,0x6001a3}, {0xa680,0x600000}, {0xa681,0x600001},
  {0xa682,0x600000}, {0xa683,0x600001}, {0xa684,0x600000}, {0xa685,0x600001},
  {0xa686,0x600000}, {0xa687,0x600001}, {0xa688,0x600000}, {0xa689,0x600001},
  {0xa68a,0x600000}, {0xa68b,0x600001}, {0xa68c,0x600000}, {0xa68d,0x600001},
  {0xa68e,0x600000}, {0xa68f,0x600001}, {0xa690,0x600000}, {0xa691,0x600001},
  {0xa692,0x600000}, {0xa693,0x600001}, {0xa694,0x600000}, {0xa695,0x600001},
  {0xa696,0x600000}, {0xa697,0x600001}, {0xa698,0x600000}, {0xa699,0x600001},
  {0xa69a,0x600000}, {0xa69b,0x600001}, {0xa69c,0x3}, {0xa69e,0x105},
  {0xa6a0,0x4}, {0xa6e6,0x9}, {0xa6f0,0x105}, {0xa6f2,0x11},
  {0xa6f8,0x1d}, {0xa700,0x1b4}, {0xa717,0x1a3}, {0xa720,0x1b4},
  {0xa722,0x200000}, {0xa723,0x200001}, {0xa724,0x200000}, {0xa725,0x200001},
  {0xa726,0x200000}, {0xa727,0x200001}, {0xa728,0x200000}, {0xa729,0x200001},
  {0xa72a,0x200000}, {0xa72b,0x200001}, {0xa72c,0x200000}, {0xa72d,0x200001},
  {0xa72e,0x200000}, {0xa72f,0x200001}, {0xa732,0x200000}, {0xa733,0x200001},
  {0xa734,0x200000}, {0xa735,0x200001}, {0xa736,0x200000}, {0xa737,0x200001},
  {0xa738,0x200000}, {0xa739,0x200001}, {0xa73a,0x200000}, {0xa73b,0x200001},
  {0xa73c,0x200000}, {0xa73d,0x200001}, {0xa73e,0x200000}, {0xa73f,0x200001},
  {0xa740,0x200000}, {0xa741,0x200001}, {0xa742,0x200000}, {0xa743,0x200001},
  {0xa744,0x200000}, {0xa745,0x200001}, {0xa746,0x200000}, {0xa747,0x200001},
  {0xa748,0x200000}, {0xa749,0x200001}, {0xa74a,0x200000}, {0xa74b,0x200001},
  {0xa74c,0x200000}, {0xa74d,0x200001}, {0xa74e,0x200000}, {0xa74f,0x200001},
  {0xa750,0x200000}, {0xa751,0x200001}, {0xa752,0x200000}, {0xa753,0x200001},
  {0xa754,0x200000}, {0xa755,0x200001}, {0xa756,0x200000}, {0xa757,0x200001},
  {0xa758,0x200000}, {0xa759,0x200001}, {0xa75a,0x200000}, {0xa75b,0x200001},
  {0xa75c,0x200000}, {0xa75d,0x200001}, {0xa75e,0x200000}, {0xa75f,0x200001},
  {0xa760,0x200000}, {0xa761,0x200001}, {0xa762,0x200000}, {0xa763,0x200001},
  {0xa764,0x200000}, {0xa765,0x200001}, {0xa766,0x200000}, {0xa767,0x200001},
  {0xa768,0x200000}, {0xa769,0x200001}, {0xa76a,0x200000}, {0xa76b,0x200001},
  {0xa76c,0x200000}, {0xa76d,0x200001}, {0xa76e,0x200000}, {0xa76f,0x200001},
  {0xa770,0x3}, {0xa771,0x200001}, {0xa779,0x200000}, {0xa77a,0x200001},
  {0xa77b,0x200000}, {0xa77c,0x200001}, {0xa77d,0x200000}, {0xa77f,0x200001},
  {0xa780,0x200000}, {0xa781,0x200001}, {0xa782,0x200000}, {0xa783,0x200001},
  {0xa784,0x200000}, {0xa785,0x200001}, {0xa786,0x200000}, {0xa787,0x200001},
  {0xa788,0x1a3}, {0xa789,0x14}, {0xa78b,0x200000}, {0xa78c,0x200001},
  {0xa78d,0x200000}, {0xa78e,0x200001}, {0xa78f,0x200004}, {0xa790,0x200000},
  {0xa791,0x200001}, {0xa792,0x200000}, {0xa793,0x200001}, {0xa796,0x200000},
  {0xa797,0x200001}, {0xa798,0x200000}, {0xa799,0x200001}, {0xa79a,0x200000},
  {0xa79b,0x200001}, {0xa79c,0x200000}, {0xa79d,0x200001}, {0xa79e,0x200000},
  {0xa79f,0x200001}, {0xa7a0,0x200000}, {0xa7a1,0x200001}, {0xa7a2,0x200000},
  {0xa7a3,0x200001}, {0xa7a4,0x200000}, {0xa7a5,0x200001}, {0xa7a6,0x200000},
  {0xa7a7,0x200001}, {0xa7a8,0x200000}, {0xa7a9,0x200001}, {0xa7aa,0x200000},
  {0xa7af,0x200001}, {0xa7b0,0x200000}, {0xa7b5,0x200001}, {0xa7b6,0x200000},
  {0xa7b7,0x200001}, {0xa7b8,0x200000}, {0xa7b9,0x200001}, {0xa7ba,0x200000},
  {0xa7bb,0x200001}, {0xa7bc,0x200000}, {0xa7bd,0x200001}, {0xa7be,0x200000},
  {0xa7bf,0x200001}, {0xa7c0,0x200000}, {0xa7c1,0x200001}, {0xa7c2,0x200000},
  {0xa7c3,0x200001}, {0xa7c4,0x200000}, {0xa7c8,0x200001}, {0xa7c9,0x200000},
  {0xa7ca,0x200001}, {0xa7cb,0x1d}, {0xa7d0,0x200000}, {0xa7d1,0x200001},
  {0xa7d2,0x1d}, {0xa7d3,0x200001}, {0xa7d4,0x1d}, {0xa7d5,0x200001},
  {0xa7d6,0x200000}, {0xa7d7,0x200001}, {0xa7d8,0x200000}, {0xa7d9,0x200001},
  {0xa7da,0x1d}, {0xa7f2,0x3}, {0xa7f5,0x200000}, {0xa7f6,0x200001},
  {0xa7f7,0x200004}, {0xa7f8,0x3}, {0xa7fa,0x200001}, {0xa7fb,0x200004},
  {0xa800,0x4}, {0xa802,0x105}, {0xa803,0x4}, {0xa806,0x105},
  {0xa807,0x4}, {0xa80b,0x105}, {0xa80c,0x4}, {0xa823,0x6},
  {0xa825,0x105}, {0xa827,0x6}, {0xa828,0x1b5}, {0xa82c,0x105},
  {0xa82d,0x1d}, {0xa830,0xa}, {0xa836,0x15}, {0xa838,0xb3},
  {0xa839,0xb5}, {0xa83a,0x1d}, {0xa840,0x4}, {0xa874,0x1b1},
  {0xa878,0x1d}, {0xa880,0x6}, {0xa882,0x4}, {0xa8b4,0x6},
  {0xa8c4,0x105}, {0xa8c6,0x1d}, {0xa8ce,0x11}, {0xa8d0,0x4008},
  {0xa8d1,0x4408}, {0xa8d2,0x4808}, {0xa8d3,0x4c08}, {0xa8d4,0x5008},
  {0xa8d5,0x5408}, {0xa8d6,0x5808}, {0xa8d7,0x5c08}, {0xa8d8,0x6008},
  {0xa8d9,0x6408}, {0xa8da,0x1d}, {0xa8e0,0x105}, {0xa8f2,0x4},
  {0xa8f8,0x11}, {0xa8fb,0x4}, {0xa8fc,0x11}, {0xa8fd,0x4},
  {0xa8ff,0x105}, {0xa900,0x4008}, {0xa901,0x4408}, {0xa902,0x4808},
  {0xa903,0x4c08}, {0xa904,0x5008}, {0xa905,0x5408}, {0xa906,0x5808},
  {0xa907,0x5c08}, {0xa908,0x6008}, {0xa909,0x6408}, {0xa90a,0x4},
  {0xa926,0x105}, {0xa92e,0x11}, {0xa930,0x4}, {0xa947,0x105},
  {0xa952,0x6}, {0xa954,0x1d}, {0xa95f,0x11}, {0xa960,0x4},
  {0xa97d,0x1d}, {0xa980,0x105}, {0xa983,0x6}, {0xa984,0x4},
  {0xa9b3,0x105}, {0xa9b4,0x6}, {0xa9b6,0x105}, {0xa9ba,0x6},
  {0xa9bc,0x105}, {0xa9be,0x6}, {0xa9c1,0x11}, {0xa9ce,0x1d},
  {0xa9cf,0x3}, {0xa9d0,0x4008}, {0xa9d1,0x4408}, {0xa9d2,0x4808},
  {0xa9d3,0x4c08}, {0xa9d4,0x5008}, {0xa9d5,0x5408}, {0xa9d6,0x5808},
  {0xa9d7,0x5c08}, {0xa9d8,0x6008}, {0xa9d9,0x6408}, {0xa9da,0x1d},
  {0xa9de,0x11}, {0xa9e0,0x4}, {0xa9e5,0x105}, {0xa9e6,0x3},
  {0xa9e7,0x4}, {0xa9f0,0x4008}, {0xa9f1,0x4408}, {0xa9f2,0x4808},
  {0xa9f3,0x4c08}, {0xa9f4,0x5008}, {0xa9f5,0x5408}, {0xa9f6,0x5808},
  {0xa9f7,0x5c08}, {0xa9f8,0x6008}, {0xa9f9,0x6408}, {0xa9fa,0x4},
  {0xa9ff,0x1d}, {0xaa00,0x4}, {0xaa29,0x105}, {0xaa2f,0x6},
  {0xaa31,0x105}, {0xaa33,0x6}, {0xaa35,0x105}, {0xaa37,0x1d},
  {0xaa40,0x4}, {0xaa43,0x105}, {0xaa44,0x4}, {0xaa4c,0x105},
  {0xaa4d,0x6}, {0xaa4e,0x1d}, {0xaa50,0x4008}, {0xaa51,0x4408},
  {0xaa52,0x4808}, {0xaa53,0x4c08}, {0xaa54,0x5008}, {0xaa55,0x5408},
  {0xaa56,0x5808}, {0xaa57,0x5c08}, {0xaa58,0x6008}, {0xaa59,0x6408},
  {0xaa5a,0x1d}, {0xaa5c,0x11}, {0xaa60,0x4}, {0xaa70,0x3},
  {0xaa71,0x4}, {0xaa77,0x15}, {0xaa7a,0x4}, {0xaa7b,0x6},
  {0xaa7c,0x105}, {0xaa7d,0x6}, {0xaa7e,0x4}, {0xaab0,0x105},
  {0xaab1,0x4}, {0xaab2,0x105}, {0xaab5,0x4}, {0xaab7,0x105},
  {0xaab9,0x4}, {0xaabe,0x105}, {0xaac0,0x4}, {0xaac1,0x105},
  {0xaac2,0x4}, {0xaac3,0x1d}, {0xaadb,0x4}, {0xaadd,0x3},
  {0xaade,0x11}, {0xaae0,0x4}, {0xaaeb,0x6}, {0xaaec,0x105},
  {0xaaee,0x6}, {0xaaf0,0x11}, {0xaaf2,0x4}, {0xaaf3,0x3},
  {0xaaf5,0x6}, {0xaaf6,0x105}, {0xaaf7,0x1d}, {0xab01,0x4},
  {0xab07,0x1d}, {0xab09,0x4}, {0xab0f,0x1d}, {0xab11,0x4},
  {0xab17,0x1d}, {0xab20,0x4}, {0xab27,0x1d}, {0xab28,0x4},
  {0xab2f,0x1d}, {0xab30,0x200001}, {0xab5b,0x14}, {0xab5c,0x3},
  {0xab60,0x200001}, {0xab65,0x400001}, {0xab66,0x200001}, {0xab69,0x3},
  {0xab6a,0x1b4}, {0xab6c,0x1d}, {0xab70,0x1}, {0xabc0,0x4},
  {0xabe3,0x6}, {0xabe5,0x105}, {0xabe6,0x6}, {0xabe8,0x105},
  {0xabe9,0x6}, {0xabeb,0x11}, {0xabec,0x6}, {0xabed,0x105},
  {0xabee,0x1d}, {0xabf0,0x4008}, {0xabf1,0x4408}, {0xabf2,0x4808},
  {0xabf3,0x4c08}, {0xabf4,0x5008}, {0xabf5,0x5408}, {0xabf6,0x5808},
  {0xabf7,0x5c08}, {0xabf8,0x6008}, {0xabf9,0x6408}, {0xabfa,0x1d},
  {0xac00,0x4}, {0xd7a4,0x1d}, {0xd7b0,0x4}, {0xd7c7,0x1d},
  {0xd7cb,0x4}, {0xd7fc,0x1d}, {0xd800,0x1b}, {0xe000,0x1c},
  {0xf900,0x100004}, {0xfa6e,0x1d}, {0xfa70,0x100004}, {0xfada,0x1d},
  {0xfb00,0x200001}, {0xfb07,0x1d}, {0xfb13,0x1}, {0xfb18,0x1d},
  {0xfb1d,0x24}, {0xfb1e,0x105}, {0xfb1f,0x24}, {0xfb29,0x92},
  {0xfb2a,0x24}, {0xfb37,0x1d}, {0xfb38,0x24}, {0xfb3d,0x1d},
  {0xfb3e,0x24}, {0xfb3f,0x1d}, {0xfb40,0x24}, {0xfb42,0x1d},
  {0xfb43,0x24}, {0xfb45,0x1d}, {0xfb46,0x24}, {0xfb50,0x44},
  {0xfbb2,0x54}, {0xfbc3,0x1d}, {0xfbd3,0x44}, {0xfd3e,0x1ae},
  {0xfd3f,0x1ad}, {0xfd40,0x1b5}, {0xfd50,0x44}, {0xfd90,0x1d},
  {0xfd92,0x44}, {0xfdc8,0x1d}, {0xfdcf,0x1b5}, {0xfdd0,0x1d},
  {0xfdf0,0x44}, {0xfdfc,0x53}, {0xfdfd,0x1b5}, {0xfe00,0x105},
  {0xfe10,0x1b1}, {0xfe17,0x1ad}, {0xfe18,0x1ae}, {0xfe19,0x1b1},
  {0xfe1a,0x1d}, {0xfe20,0x105}, {0xfe30,0x1b1}, {0xfe31,0x1ac},
  {0xfe33,0x1ab}, {0xfe35,0x1ad}, {0xfe36,0x1ae}, {0xfe37,0x1ad},
  {0xfe38,0x1ae}, {0xfe39,0x1ad}, {0xfe3a,0x1ae}, {0xfe3b,0x1ad},
  {0xfe3c,0x1ae}, {0xfe3d,0x1ad}, {0xfe3e,0x1ae}, {0xfe3f,0x1ad},
  {0xfe40,0x1ae}, {0xfe41,0x1ad}, {0xfe42,0x1ae}, {0xfe43,0x1ad},
  {0xfe44,0x1ae}, {0xfe45,0x1b1}, {0xfe47,0x1ad}, {0xfe48,0x1ae},
  {0xfe49,0x1b1}, {0xfe4d,0x1ab}, {0xfe50,0xf1}, {0xfe51,0x1b1},
  {0xfe52,0xf1}, {0xfe53,0x1d}, {0xfe54,0x1b1}, {0xfe55,0xf1},
  {0xfe56,0x1b1}, {0xfe58,0x1ac}, {0xfe59,0x1ad}, {0xfe5a,0x1ae},
  {0xfe5b,0x1ad}, {0xfe5c,0x1ae}, {0xfe5d,0x1ad}, {0xfe5e,0x1ae},
  {0xfe5f,0xb1}, {0xfe60,0x1b1}, {0xfe62,0x92}, {0xfe63,0x8c},
  {0xfe64,0x1b2}, {0xfe67,0x1d}, {0xfe68,0x1b1}, {0xfe69,0xb3},
  {0xfe6a,0xb1}, {0xfe6b,0x1b1}, {0xfe6c,0x1d}, {0xfe70,0x44},
  {0xfe75,0x1d}, {0xfe76,0x44}, {0xfefd,0x1d}, {0xfeff,0x13a},
  {0xff00,0x1d}, {0xff01,0x801b1}, {0xff03,0x800b1}, {0xff04,0x800b3},
  {0xff05,0x800b1}, {0xff06,0x801b1}, {0xff08,0x801ad}, {0xff09,0x801ae},
  {0xff0a,0x801b1}, {0xff0b,0x80092}, {0xff0c,0x800f1}, {0xff0d,0x8008c},
  {0xff0e,0x800f1}, {0xff10,0x84068}, {0xff11,0x84468}, {0xff12,0x84868},
  {0xff13,0x84c68}, {0xff14,0x85068}, {0xff15,0x85468}, {0xff16,0x85868},
  {0xff17,0x85c68}, {0xff18,0x86068}, {0xff19,0x86468}, {0xff1a,0x800f1},
  {0xff1b,0x801b1}, {0xff1c,0x801b2}, {0xff1f,0x801b1}, {0xff21,0x280000},
  {0xff3b,0x801ad}, {0xff3c,0x801b1}, {0xff3d,0x801ae}, {0xff3e,0x801b4},
  {0xff3f,0x801ab}, {0xff40,0x801b4}, {0xff41,0x280001}, {0xff5b,0x801ad},
  {0xff5c,0x801b2}, {0xff5d,0x801ae}, {0xff5e,0x801b2}, {0xff5f,0x801ad},
  {0xff60,0x801ae}, {0xff61,0x401b1}, {0xff62,0x401ad}, {0xff63,0x401ae},
  {0xff64,0x401b1}, {0xff65,0x501b1}, {0xff66,0x50004}, {0xff70,0x50003},
  {0xff71,0x50004}, {0xff9e,0x50003}, {0xffa0,0x40004}, {0xffbf,0x1d},
  {0xffc2,0x40004}, {0xffc8,0x1d}, {0xffca,0x40004}, {0xffd0,0x1d},
  {0xffd2,0x40004}, {0xffd8,0x1d}, {0xffda,0x40004}, {0xffdd,0x1d},
  {0xffe0,0x800b3}, {0xffe2,0x801b2}, {0xffe3,0x801b4}, {0xffe4,0x801b5},
  {0xffe5,0x800b3}, {0xffe7,0x1d}, {0xffe8,0x401b5}, {0xffe9,0x401b2},
  {0xffed,0x401b5}, {0xffef,0x1d}, {0xfff9,0x1ba}, {0xfffc,0x1b5},
  {0xfffe,0x1d}, {0x10000,0x4}, {0x1000c,0x1d}, {0x1000d,0x4},
  {0x10027,0x1d}, {0x10028,0x4}, {0x1003b,0x1d}, {0x1003c,0x4},
  {0x1003e,0x1d}, {0x1003f,0x4}, {0x1004e,0x1d}, {0x10050,0x4},
  {0x1005e,0x1d}, {0x10080,0x4}, {0x100fb,0x1d}, {0x10100,0x11},
  {0x10101,0x1b1}, {0x10102,0x11}, {0x10103,0x1d}, {0x10107,0xa},
  {0x10134,0x1d}, {0x10137,0x15}, {0x10140,0x1a9}, {0x10175,0x1aa},
  {0x10179,0x1b5}, {0x1018a,0x1aa}, {0x1018c,0x1b5}, {0x1018d,0x15},
  {0x1018f,0x1d}, {0x10190,0x1b5}, {0x1019d,0x1d}, {0x101a0,0x1b5},
  {0x101a1,0x1d}, {0x101d0,0x15}, {0x101fd,0x105}, {0x101fe,0x1d},
  {0x10280,0x4}, {0x1029d,0x1d}, {0x102a0,0x4}, {0x102d1,0x1d},
  {0x102e0,0x105}, {0x102e1,0x6a}, {0x102fc,0x1d}, {0x10300,0x4},
  {0x10320,0xa}, {0x10324,0x1d}, {0x1032d,0x4}, {0x10341,0x9},
  {0x10342,0x4}, {0x1034a,0x9}, {0x1034b,0x1d}, {0x10350,0x4},
  {0x10376,0x105}, {0x1037b,0x1d}, {0x10380,0x4}, {0x1039e,0x1d},
  {0x1039f,0x11}, {0x103a0,0x4}, {0x103c4,0x1d}, {0x103c8,0x4},
  {0x103d0,0x11}, {0x103d1,0x9}, {0x103d6,0x1d}, {0x10400,0x0},
  {0x10428,0x1}, {0x10450,0x4}, {0x1049e,0x1d}, {0x104a0,0x4008},
  {0x104a1,0x4408}, {0x104a2,0x4808}, {0x104a3,0x4c08}, {0x104a4,0x5008},
  {0x104a5,0x5408}, {0x104a6,0x5808}, {0x104a7,0x5c08}, {0x104a8,0x6008},
  {0x104a9,0x6408}, {0x104aa,0x1d}, {0x104b0,0x0}, {0x104d4,0x1d},
  {0x104d8,0x1}, {0x104fc,0x1d}, {0x10500,0x4}, {0x10528,0x1d},
  {0x10530,0x4}, {0x10564,0x1d}, {0x1056f,0x11}, {0x10570,0x0},
  {0x1057b,0x1d}, {0x1057c,0x0}, {0x1058b,0x1d}, {0x1058c,0x0},
  {0x10593,0x1d}, {0x10594,0x0}, {0x10596,0x1d}, {0x10597,0x1},
  {0x105a2,0x1d}, {0x105a3,0x1}, {0x105b2,0x1d}, {0x105b3,0x1},
  {0x105ba,0x1d}, {0x105bb,0x1}, {0x105bd,0x1d}, {0x10600,0x4},
  {0x10737,0x1d}, {0x10740,0x4}, {0x10756,0x1d}, {0x10760,0x4},
  {0x10768,0x1d}, {0x10780,0x3}, {0x10786,0x1d}, {0x10787,0x3},
  {0x107b1,0x1d}, {0x107b2,0x3}, {0x107bb,0x1d}, {0x10800,0x24},
  {0x10806,0x1d}, {0x10808,0x24}, {0x10809,0x1d}, {0x1080a,0x24},
  {0x10836,0x1d}, {0x10837,0x24}, {0x10839,0x1d}, {0x1083c,0x24},
  {0x1083d,0x1d}, {0x1083f,0x24}, {0x10856,0x1d}, {0x10857,0x31},
  {0x10858,0x2a}, {0x10860,0x24}, {0x10877,0x35}, {0x10879,0x2a},
  {0x10880,0x24}, {0x1089f,0x1d}, {0x108a7,0x2a}, {0x108b0,0x1d},
  {0x108e0,0x24}, {0x108f3,0x1d}, {0x108f4,0x24}, {0x108f6,0x1d},
  {0x108fb,0x2a}, {0x10900,0x24}, {0x10916,0x2a}, {0x1091c,0x1d},
  {0x1091f,0x1b1}, {0x10920,0x24}, {0x1093a,0x1d}, {0x1093f,0x31},
  {0x10940,0x1d}, {0x10980,0x24}, {0x109b8,0x1d}, {0x109bc,0x2a},
  {0x109be,0x24}, {0x109c0,0x2a}, {0x109d0,0x1d}, {0x109d2,0x2a},
  {0x10a00,0x24}, {0x10a01,0x105}, {0x10a04,0x1d}, {0x10a05,0x105},
  {0x10a07,0x1d}, {0x10a0c,0x105}, {0x10a10,0x24}, {0x10a14,0x1d},
  {0x10a15,0x24}, {0x10a18,0x1d}, {0x10a19,0x24}, {0x10a36,0x1d},
  {0x10a38,0x105}, {0x10a3b,0x1d}, {0x10a3f,0x105}, {0x10a40,0x2a},
  {0x10a49,0x1d}, {0x10a50,0x31}, {0x10a59,0x1d}, {0x10a60,0x24},
  {0x10a7d,0x2a}, {0x10a7f,0x31}, {0x10a80,0x24}, {0x10a9d,0x2a},
  {0x10aa0,0x1d}, {0x10ac0,0x24}, {0x10ac8,0x35}, {0x10ac9,0x24},
  {0x10ae5,0x105}, {0x10ae7,0x1d}, {0x10aeb,0x2a}, {0x10af0,0x31},
  {0x10af7,0x1d}, {0x10b00,0x24}, {0x10b36,0x1d}, {0x10b39,0x1b1},
  {0x10b40,0x24}, {0x10b56,0x1d}, {0x10b58,0x2a}, {0x10b60,0x24},
  {0x10b73,0x1d}, {0x10b78,0x2a}, {0x10b80,0x24}, {0x10b92,0x1d},
  {0x10b99,0x31}, {0x10b9d,0x1d}, {0x10ba9,0x2a}, {0x10bb0,0x1d},
  {0x10c00,0x24}, {0x10c49,0x1d}, {0x10c80,0x20}, {0x10cb3,0x1d},
  {0x10cc0,0x21}, {0x10cf3,0x1d}, {0x10cfa,0x2a}, {0x10d00,0x44},
  {0x10d24,0x105}, {0x10d28,0x1d}, {0x10d30,0x40c8}, {0x10d31,0x44c8},
  {0x10d32,0x48c8}, {0x10d33,0x4cc8}, {0x10d34,0x50c8}, {0x10d35,0x54c8},
  {0x10d36,0x58c8}, {0x10d37,0x5cc8}, {0x10d38,0x60c8}, {0x10d39,0x64c8},
  {0x10d3a,0x1d}, {0x10e60,0xca}, {0x10e7f,0x1d}, {0x10e80,0x24},
  {0x10eaa,0x1d}, {0x10eab,0x105}, {0x10ead,0x2c}, {0x10eae,0x1d},
  {0x10eb0,0x24}, {0x10eb2,0x1d}, {0x10f00,0x24}, {0x10f1d,0x2a},
  {0x10f27,0x24}, {0x10f28,0x1d}, {0x10f30,0x44}, {0x10f46,0x105},
  {0x10f51,0x4a}, {0x10f55,0x51}, {0x10f5a,0x1d}, {0x10f70,0x24},
  {0x10f82,0x105}, {0x10f86,0x31}, {0x10f8a,0x1d}, {0x10fb0,0x24},
  {0x10fc5,0x2a}, {0x10fcc,0x1d}, {0x10fe0,0x24}, {0x10ff7,0x1d},
  {0x11000,0x6}, {0x11001,0x105}, {0x11002,0x6}, {0x11003,0x4},
  {0x11038,0x105}, {0x11047,0x11}, {0x1104e,0x1d}, {0x11052,0x1aa},
  {0x11066,0x4008}, {0x11067,0x4408}, {0x11068,0x4808}, {0x11069,0x4c08},
  {0x1106a,0x5008}, {0x1106b,0x5408}, {0x1106c,0x5808}, {0x1106d,0x5c08},
  {0x1106e,0x6008}, {0x1106f,0x6408}, {0x11070,0x105}, {0x11071,0x4},
  {0x11073,0x105}, {0x11075,0x4}, {0x11076,0x1d}, {0x1107f,0x105},
  {0x11082,0x6}, {0x11083,0x4}, {0x110b0,0x6}, {0x110b3,0x105},
  {0x110b7,0x6}, {0x110b9,0x105}, {0x110bb,0x11}, {0x110bd,0x1a},
  {0x110be,0x11}, {0x110c2,0x105}, {0x110c3,0x1d}, {0x110cd,0x1a},
  {0x110ce,0x1d}, {0x110d0,0x4}, {0x110e9,0x1d}, {0x110f0,0x4008},
  {0x110f1,0x4408}, {0x110f2,0x4808}, {0x110f3,0x4c08}, {0x110f4,0x5008},
  {0x110f5,0x5408}, {0x110f6,0x5808}, {0x110f7,0x5c08}, {0x110f8,0x6008},
  {0x110f9,0x6408}, {0x110fa,0x1d}, {0x11100,0x105}, {0x11103,0x4},
  {0x11127,0x105}, {0x1112c,0x6}, {0x1112d,0x105}, {0x11135,0x1d},
  {0x11136,0x4008}, {0x11137,0x4408}, {0x11138,0x4808}, {0x11139,0x4c08},
  {0x1113a,0x5008}, {0x1113b,0x5408}, {0x1113c,0x5808}, {0x1113d,0x5c08},
  {0x1113e,0x6008}, {0x1113f,0x6408}, {0x11140,0x11}, {0x11144,0x4},
  {0x11145,0x6}, {0x11147,0x4}, {0x11148,0x1d}, {0x11150,0x4},
  {0x11173,0x105}, {0x11174,0x11}, {0x11176,0x4}, {0x11177,0x1d},
  {0x11180,0x105}, {0x11182,0x6}, {0x11183,0x4}, {0x111b3,0x6},
  {0x111b6,0x105}, {0x111bf,0x6}, {0x111c1,0x4}, {0x111c5,0x11},
  {0x111c9,0x105}, {0x111cd,0x11}, {0x111ce,0x6}, {0x111cf,0x105},
  {0x111d0,0x4008}, {0x111d1,0x4408}, {0x111d2,0x4808}, {0x111d3,0x4c08},
  {0x111d4,0x5008}, {0x111d5,0x5408}, {0x111d6,0x5808}, {0x111d7,0x5c08},
  {0x111d8,0x6008}, {0x111d9,0x6408}, {0x111da,0x4}, {0x111db,0x11},
  {0x111dc,0x4}, {0x111dd,0x11}, {0x111e0,0x1d}, {0x111e1,0xa},
  {0x111f5,0x1d}, {0x11200,0x4}, {0x11212,0x1d}, {0x11213,0x4},
  {0x1122c,0x6}, {0x1122f,0x105}, {0x11232,0x6}, {0x11234,0x105},
  {0x11235,0x6}, {0x11236,0x105}, {0x11238,0x11}, {0x1123e,0x105},
  {0x1123f,0x1d}, {0x11280,0x4}, {0x11287,0x1d}, {0x11288,0x4},
  {0x11289,0x1d}, {0x1128a,0x4}, {0x1128e,0x1d}, {0x1128f,0x4},
  {0x1129e,0x1d}, {0x1129f,0x4}, {0x112a9,0x11}, {0x112aa,0x1d},
  {0x112b0,0x4}, {0x112df,0x105}, {0x112e0,0x6}, {0x112e3,0x105},
  {0x112eb,0x1d}, {0x112f0,0x4008}, {0x112f1,0x4408}, {0x112f2,0x4808},
  {0x112f3,0x4c08}, {0x112f4,0x5008}, {0x112f5,0x5408}, {0x112f6,0x5808},
  {0x112f7,0x5c08}, {0x112f8,0x6008}, {0x112f9,0x6408}, {0x112fa,0x1d},
  {0x11300,0x105}, {0x11302,0x6}, {0x11304,0x1d}, {0x11305,0x4},
  {0x1130d,0x1d}, {0x1130f,0x4}, {0x11311,0x1d}, {0x11313,0x4},
  {0x11329,0x1d}, {0x1132a,0x4}, {0x11331,0x1d}, {0x11332,0x4},
  {0x11334,0x1d}, {0x11335,0x4}, {0x1133a,0x1d}, {0x1133b,0x105},
  {0x1133d,0x4}, {0x1133e,0x6}, {0x11340,0x105}, {0x11341,0x6},
  {0x11345,0x1d}, {0x11347,0x6}, {0x11349,0x1d}, {0x1134b,0x6},
  {0x1134e,0x1d}, {0x11350,0x4}, {0x11351,0x1d}, {0x11357,0x6},
  {0x11358,0x1d}, {0x1135d,0x4}, {0x11362,0x6}, {0x11364,0x1d},
  {0x11366,0x105}, {0x1136d,0x1d}, {0x11370,0x105}, {0x11375,0x1d},
  {0x11400,0x4}, {0x11435,0x6}, {0x11438,0x105}, {0x11440,0x6},
  {0x11442,0x105}, {0x11445,0x6}, {0x11446,0x105}, {0x11447,0x4},
  {0x1144b,0x11}, {0x11450,0x4008}, {0x11451,0x4408}, {0x11452,0x4808},
  {0x11453,0x4c08}, {0x11454,0x5008}, {0x11455,0x5408}, {0x11456,0x5808},
  {0x11457,0x5c08}, {0x11458,0x6008}, {0x11459,0x6408}, {0x1145a,0x11},
  {0x1145c,0x1d}, {0x1145d,0x11}, {0x1145e,0x105}, {0x1145f,0x4},
  {0x11462,0x1d}, {0x11480,0x4}, {0x114b0,0x6}, {0x114b3,0x105},
  {0x114b9,0x6}, {0x114ba,0x105}, {0x114bb,0x6}, {0x114bf,0x105},
  {0x114c1,0x6}, {0x114c2,0x105}, {0x114c4,0x4}, {0x114c6,0x11},
  {0x114c7,0x4}, {0x114c8,0x1d}, {0x114d0,0x4008}, {0x114d1,0x4408},
  {0x114d2,0x4808}, {0x114d3,0x4c08}, {0x114d4,0x5008}, {0x114d5,0x5408},
  {0x114d6,0x5808}, {0x114d7,0x5c08}, {0x114d8,0x6008}, {0x114d9,0x6408},
  {0x114da,0x1d}, {0x11580,0x4}, {0x115af,0x6}, {0x115b2,0x105},
  {0x115b6,0x1d}, {0x115b8,0x6}, {0x115bc,0x105}, {0x115be,0x6},
  {0x115bf,0x105}, {0x115c1,0x11}, {0x115d8,0x4}, {0x115dc,0x105},
  {0x115de,0x1d}, {0x11600,0x4}, {0x11630,0x6}, {0x11633,0x105},
  {0x1163b,0x6}, {0x1163d,0x105}, {0x1163e,0x6}, {0x1163f,0x105},
  {0x11641,0x11}, {0x11644,0x4}, {0x11645,0x1d}, {0x11650,0x4008},
  {0x11651,0x4408}, {0x11652,0x4808}, {0x11653,0x4c08}, {0x11654,0x5008},
  {0x11655,0x5408}, {0x11656,0x5808}, {0x11657,0x5c08}, {0x11658,0x6008},
  {0x11659,0x6408}, {0x1165a,0x1d}, {0x11660,0x1b1}, {0x1166d,0x1d},
  {0x11680,0x4}, {0x116ab,0x105}, {0x116ac,0x6}, {0x116ad,0x105},
  {0x116ae,0x6}, {0x116b0,0x105}, {0x116b6,0x6}, {0x116b7,0x105},
  {0x116b8,0x4}, {0x116b9,0x11}, {0x116ba,0x1d}, {0x116c0,0x4008},
  {0x116c1,0x4408}, {0x116c2,0x4808}, {0x116c3,0x4c08}, {0x116c4,0x5008},
  {0x116c5,0x5408}, {0x116c6,0x5808}, {0x116c7,0x5c08}, {0x116c8,0x6008},
  {0x116c9,0x6408}, {0x116ca,0x1d}, {0x11700,0x4}, {0x1171b,0x1d},
  {0x1171d,0x105}, {0x11720,0x6}, {0x11722,0x105}, {0x11726,0x6},
  {0x11727,0x105}, {0x1172c,0x1d}, {0x11730,0x4008}, {0x11731,0x4408},
  {0x11732,0x4808}, {0x11733,0x4c08}, {0x11734,0x5008}, {0x11735,0x5408},
  {0x11736,0x5808}, {0x11737,0x5c08}, {0x11738,0x6008}, {0x11739,0x6408},
  {0x1173a,0xa}, {0x1173c,0x11}, {0x1173f,0x15}, {0x11740,0x4},
  {0x11747,0x1d}, {0x11800,0x4}, {0x1182c,0x6}, {0x1182f,0x105},
  {0x11838,0x6}, {0x11839,0x105}, {0x1183b,0x11}, {0x1183c,0x1d},
  {0x118a0,0x0}, {0x118c0,0x1}, {0x118e0,0x4008}, {0x118e1,0x4408},
  {0x118e2,0x4808}, {0x118e3,0x4c08}, {0x118e4,0x5008}, {0x118e5,0x5408},
  {0x118e6,0x5808}, {0x118e7,0x5c08}, {0x118e8,0x6008}, {0x118e9,0x6408},
  {0x118ea,0xa}, {0x118f3,0x1d}, {0x118ff,0x4}, {0x11907,0x1d},
  {0x11909,0x4}, {0x1190a,0x1d}, {0x1190c,0x4}, {0x11914,0x1d},
  {0x11915,0x4}, {0x11917,0x1d}, {0x11918,0x4}, {0x11930,0x6},
  {0x11936,0x1d}, {0x11937,0x6}, {0x11939,0x1d}, {0x1193b,0x105},
  {0x1193d,0x6}, {0x1193e,0x105}, {0x1193f,0x4}, {0x11940,0x6},
  {0x11941,0x4}, {0x11942,0x6}, {0x11943,0x105}, {0x11944,0x11},
  {0x11947,0x1d}, {0x11950,0x4008}, {0x11951,0x4408}, {0x11952,0x4808},
  {0x11953,0x4c08}, {0x11954,0x5008}, {0x11955,0x5408}, {0x11956,0x5808},
  {0x11957,0x5c08}, {0x11958,0x6008}, {0x11959,0x6408}, {0x1195a,0x1d},
  {0x119a0,0x4}, {0x119a8,0x1d}, {0x119aa,0x4}, {0x119d1,0x6},
  {0x119d4,0x105}, {0x119d8,0x1d}, {0x119da,0x105}, {0x119dc,0x6},
  {0x119e0,0x105}, {0x119e1,0x4}, {0x119e2,0x11}, {0x119e3,0x4},
  {0x119e4,0x6}, {0x119e5,0x1d}, {0x11a00,0x4}, {0x11a01,0x105},
  {0x11a07,0x5}, {0x11a09,0x105}, {0x11a0b,0x4}, {0x11a33,0x105},
  {0x11a39,0x6}, {0x11a3a,0x4}, {0x11a3b,0x105}, {0x11a3f,0x11},
  {0x11a47,0x105}, {0x11a48,0x1d}, {0x11a50,0x4}, {0x11a51,0x105},
  {0x11a57,0x6}, {0x11a59,0x105}, {0x11a5c,0x4}, {0x11a8a,0x105},
  {0x11a97,0x6}, {0x11a98,0x105}, {0x11a9a,0x11}, {0x11a9d,0x4},
  {0x11a9e,0x11}, {0x11aa3,0x1d}, {0x11ab0,0x4}, {0x11af9,0x1d},
  {0x11c00,0x4}, {0x11c09,0x1d}, {0x11c0a,0x4}, {0x11c2f,0x6},
  {0x11c30,0x105}, {0x11c37,0x1d}, {0x11c38,0x105}, {0x11c3e,0x6},
  {0x11c3f,0x5}, {0x11c40,0x4}, {0x11c41,0x11}, {0x11c46,0x1d},
  {0x11c50,0x4008}, {0x11c51,0x4408}, {0x11c52,0x4808}, {0x11c53,0x4c08},
  {0x11c54,0x5008}, {0x11c55,0x5408}, {0x11c56,0x5808}, {0x11c57,0x5c08},
  {0x11c58,0x6008}, {0x11c59,0x6408}, {0x11c5a,0xa}, {0x11c6d,0x1d},
  {0x11c70,0x11}, {0x11c72,0x4}, {0x11c90,0x1d}, {0x11c92,0x105},
  {0x11ca8,0x1d}, {0x11ca9,0x6}, {0x11caa,0x105}, {0x11cb1,0x6},
  {0x11cb2,0x105}, {0x11cb4,0x6}, {0x11cb5,0x105}, {0x11cb7,0x1d},
  {0x11d00,0x4}, {0x11d07,0x1d}, {0x11d08,0x4}, {0x11d0a,0x1d},
  {0x11d0b,0x4}, {0x11d31,0x105}, {0x11d37,0x1d}, {0x11d3a,0x105},
  {0x11d3b,0x1d}, {0x11d3c,0x105}, {0x11d3e,0x1d}, {0x11d3f,0x105},
  {0x11d46,0x4}, {0x11d47,0x105}, {0x11d48,0x1d}, {0x11d50,0x4008},
  {0x11d51,0x4408}, {0x11d52,0x4808}, {0x11d53,0x4c08}, {0x11d54,0x5008},
  {0x11d55,0x5408}, {0x11d56,0x5808}, {0x11d57,0x5c08}, {0x11d58,0x6008},
  {0x11d59,0x6408}, {0x11d5a,0x1d}, {0x11d60,0x4}, {0x11d66,0x1d},
  {0x11d67,0x4}, {0x11d69,0x1d}, {0x11d6a,0x4}, {0x11d8a,0x6},
  {0x11d8f,0x1d}, {0x11d90,0x105}, {0x11d92,0x1d}, {0x11d93,0x6},
  {0x11d95,0x105}, {0x11d96,0x6}, {0x11d97,0x105}, {0x11d98,0x4},
  {0x11d99,0x1d}, {0x11da0,0x4008}, {0x11da1,0x4408}, {0x11da2,0x4808},
  {0x11da3,0x4c08}, {0x11da4,0x5008}, {0x11da5,0x5408}, {0x11da6,0x5808},
  {0x11da7,0x5c08}, {0x11da8,0x6008}, {0x11da9,0x6408}, {0x11daa,0x1d},
  {0x11ee0,0x4}, {0x11ef3,0x105}, {0x11ef5,0x6}, {0x11ef7,0x11},
  {0x11ef9,0x1d}, {0x11fb0,0x4}, {0x11fb1,0x1d}, {0x11fc0,0xa},
  {0x11fd5,0x1b5}, {0x11fdd,0xb3}, {0x11fe1,0x1b5}, {0x11ff2,0x1d},
  {0x11fff,0x11}, {0x12000,0x4}, {0x1239a,0x1d}, {0x12400,0x9},
  {0x1246f,0x1d}, {0x12470,0x11}, {0x12475,0x1d}, {0x12480,0x4},
  {0x12544,0x1d}, {0x12f90,0x4}, {0x12ff1,0x11}, {0x12ff3,0x1d},
  {0x13000,0x4}, {0x1342f,0x1d}, {0x13430,0x1a}, {0x13439,0x1d},
  {0x14400,0x4}, {0x14647,0x1d}, {0x16800,0x4}, {0x16a39,0x1d},
  {0x16a40,0x4}, {0x16a5f,0x1d}, {0x16a60,0x4008}, {0x16a61,0x4408},
  {0x16a62,0x4808}, {0x16a63,0x4c08}, {0x16a64,0x5008}, {0x16a65,0x5408},
  {0x16a66,0x5808}, {0x16a67,0x5c08}, {0x16a68,0x6008}, {0x16a69,0x6408},
  {0x16a6a,0x1d}, {0x16a6e,0x11}, {0x16a70,0x4}, {0x16abf,0x1d},
  {0x16ac0,0x4008}, {0x16ac1,0x4408}, {0x16ac2,0x4808}, {0x16ac3,0x4c08},
  {0x16ac4,0x5008}, {0x16ac5,0x5408}, {0x16ac6,0x5808}, {0x16ac7,0x5c08},
  {0x16ac8,0x6008}, {0x16ac9,0x6408}, {0x16aca,0x1d}, {0x16ad0,0x4},
  {0x16aee,0x1d}, {0x16af0,0x105}, {0x16af5,0x11}, {0x16af6,0x1d},
  {0x16b00,0x4}, {0x16b30,0x105}, {0x16b37,0x11}, {0x16b3c,0x15},
  {0x16b40,0x3}, {0x16b44,0x11}, {0x16b45,0x15}, {0x16b46,0x1d},
  {0x16b50,0x4008}, {0x16b51,0x4408}, {0x16b52,0x4808}, {0x16b53,0x4c08},
  {0x16b54,0x5008}, {0x16b55,0x5408}, {0x16b56,0x5808}, {0x16b57,0x5c08},
  {0x16b58,0x6008}, {0x16b59,0x6408}, {0x16b5a,0x1d}, {0x16b5b,0xa},
  {0x16b62,0x1d}, {0x16b63,0x4}, {0x16b78,0x1d}, {0x16b7d,0x4},
  {0x16b90,0x1d}, {0x16e40,0x0}, {0x16e60,0x1}, {0x16e80,0xa},
  {0x16e97,0x11}, {0x16e9b,0x1d}, {0x16f00,0x4}, {0x16f4b,0x1d},
  {0x16f4f,0x105}, {0x16f50,0x4}, {0x16f51,0x6}, {0x16f88,0x1d},
  {0x16f8f,0x105}, {0x16f93,0x3}, {0x16fa0,0x1d}, {0x16fe0,0x3},
  {0x16fe2,0x1b1}, {0x16fe3,0x3}, {0x16fe4,0x105}, {0x16fe5,0x1d},
  {0x16ff0,0x6}, {0x16ff2,0x1d}, {0x17000,0x4}, {0x187f8,0x1d},
  {0x18800,0x4}, {0x18cd6,0x1d}, {0x18d00,0x4}, {0x18d09,0x1d},
  {0x1aff0,0x10003}, {0x1aff4,0x1d}, {0x1aff5,0x10003}, {0x1affc,0x1d},
  {0x1affd,0x10003}, {0x1afff,0x1d}, {0x1b000,0x10004}, {0x1b001,0x20004},
  {0x1b002,0x4}, {0x1b11f,0x20004}, {0x1b120,0x10004}, {0x1b123,0x1d},
  {0x1b150,0x20004}, {0x1b153,0x1d}, {0x1b164,0x10004}, {0x1b168,0x1d},
  {0x1b170,0x4}, {0x1b2fc,0x1d}, {0x1bc00,0x4}, {0x1bc6b,0x1d},
  {0x1bc70,0x4}, {0x1bc7d,0x1d}, {0x1bc80,0x4}, {0x1bc89,0x1d},
  {0x1bc90,0x4}, {0x1bc9a,0x1d}, {0x1bc9c,0x15}, {0x1bc9d,0x105},
  {0x1bc9f,0x11}, {0x1bca0,0x13a}, {0x1bca4,0x1d}, {0x1cf00,0x105},
  {0x1cf2e,0x1d}, {0x1cf30,0x105}, {0x1cf47,0x1d}, {0x1cf50,0x15},
  {0x1cfc4,0x1d}, {0x1d000,0x15}, {0x1d0f6,0x1d}, {0x1d100,0x15},
  {0x1d127,0x1d}, {0x1d129,0x15}, {0x1d165,0x6}, {0x1d167,0x105},
  {0x1d16a,0x15}, {0x1d16d,0x6}, {0x1d173,0x13a}, {0x1d17b,0x105},
  {0x1d183,0x15}, {0x1d185,0x105}, {0x1d18c,0x15}, {0x1d1aa,0x105},
  {0x1d1ae,0x15}, {0x1d1e9,0x1b5}, {0x1d1eb,0x1d}, {0x1d200,0x1b5},
  {0x1d242,0x105}, {0x1d245,0x1b5}, {0x1d246,0x1d}, {0x1d2e0,0xa},
  {0x1d2f4,0x1d}, {0x1d300,0x1b5}, {0x1d357,0x1d}, {0x1d360,0xa},
  {0x1d379,0x1d}, {0x1d400,0x0}, {0x1d41a,0x1}, {0x1d434,0x0},
  {0x1d44e,0x1}, {0x1d455,0x1d}, {0x1d456,0x1}, {0x1d468,0x0},
  {0x1d482,0x1}, {0x1d49c,0x0}, {0x1d49d,0x1d}, {0x1d49e,0x0},
  {0x1d4a0,0x1d}, {0x1d4a2,0x0}, {0x1d4a3,0x1d}, {0x1d4a5,0x0},
  {0x1d4a7,0x1d}, {0x1d4a9,0x0}, {0x1d4ad,0x1d}, {0x1d4ae,0x0},
  {0x1d4b6,0x1}, {0x1d4ba,0x1d}, {0x1d4bb,0x1}, {0x1d4bc,0x1d},
  {0x1d4bd,0x1}, {0x1d4c4,0x1d}, {0x1d4c5,0x1}, {0x1d4d0,0x0},
  {0x1d4ea,0x1}, {0x1d504,0x0}, {0x1d506,0x1d}, {0x1d507,0x0},
  {0x1d50b,0x1d}, {0x1d50d,0x0}, {0x1d515,0x1d}, {0x1d516,0x0},
  {0x1d51d,0x1d}, {0x1d51e,0x1}, {0x1d538,0x0}, {0x1d53a,0x1d},
  {0x1d53b,0x0}, {0x1d53f,0x1d}, {0x1d540,0x0}, {0x1d545,0x1d},
  {0x1d546,0x0}, {0x1d547,0x1d}, {0x1d54a,0x0}, {0x1d551,0x1d},
  {0x1d552,0x1}, {0x1d56c,0x0}, {0x1d586,0x1}, {0x1d5a0,0x0},
  {0x1d5ba,0x1}, {0x1d5d4,0x0}, {0x1d5ee,0x1}, {0x1d608,0x0},
  {0x1d622,0x1}, {0x1d63c,0x0}, {0x1d656,0x1}, {0x1d670,0x0},
  {0x1d68a,0x1}, {0x1d6a6,0x1d}, {0x1d6a8,0x0}, {0x1d6c1,0x12},
  {0x1d6c2,0x1}, {0x1d6db,0x1b2}, {0x1d6dc,0x1}, {0x1d6e2,0x0},
  {0x1d6fb,0x12}, {0x1d6fc,0x1}, {0x1d715,0x1b2}, {0x1d716,0x1},
  {0x1d71c,0x0}, {0x1d735,0x12}, {0x1d736,0x1}, {0x1d74f,0x1b2},
  {0x1d750,0x1}, {0x1d756,0x0}, {0x1d76f,0x12}, {0x1d770,0x1},
  {0x1d789,0x1b2}, {0x1d78a,0x1}, {0x1d790,0x0}, {0x1d7a9,0x12},
  {0x1d7aa,0x1}, {0x1d7c3,0x1b2}, {0x1d7c4,0x1}, {0x1d7ca,0x0},
  {0x1d7cb,0x1}, {0x1d7cc,0x1d}, {0x1d7ce,0x4068}, {0x1d7cf,0x4468},
  {0x1d7d0,0x4868}, {0x1d7d1,0x4c68}, {0x1d7d2,0x5068}, {0x1d7d3,0x5468},
  {0x1d7d4,0x5868}, {0x1d7d5,0x5c68}, {0x1d7d6,0x6068}, {0x1d7d7,0x6468},
  {0x1d7d8,0x4068}, {0x1d7d9,0x4468}, {0x1d7da,0x4868}, {0x1d7db,0x4c68},
  {0x1d7dc,0x5068}, {0x1d7dd,0x5468}, {0x1d7de,0x5868}, {0x1d7df,0x5c68},
  {0x1d7e0,0x6068}, {0x1d7e1,0x6468}, {0x1d7e2,0x4068}, {0x1d7e3,0x4468},
  {0x1d7e4,0x4868}, {0x1d7e5,0x4c68}, {0x1d7e6,0x5068}, {0x1d7e7,0x5468},
  {0x1d7e8,0x5868}, {0x1d7e9,0x5c68}, {0x1d7ea,0x6068}, {0x1d7eb,0x6468},
  {0x1d7ec,0x4068}, {0x1d7ed,0x4468}, {0x1d7ee,0x4868}, {0x1d7ef,0x4c68},
  {0x1d7f0,0x5068}, {0x1d7f1,0x5468}, {0x1d7f2,0x5868}, {0x1d7f3,0x5c68},
  {0x1d7f4,0x6068}, {0x1d7f5,0x6468}, {0x1d7f6,0x4068}, {0x1d7f7,0x4468},
  {0x1d7f8,0x4868}, {0x1d7f9,0x4c68}, {0x1d7fa,0x5068}, {0x1d7fb,0x5468},
  {0x1d7fc,0x5868}, {0x1d7fd,0x5c68}, {0x1d7fe,0x6068}, {0x1d7ff,0x6468},
  {0x1d800,0x15}, {0x1da00,0x105}, {0x1da37,0x15}, {0x1da3b,0x105},
  {0x1da6d,0x15}, {0x1da75,0x105}, {0x1da76,0x15}, {0x1da84,0x105},
  {0x1da85,0x15}, {0x1da87,0x11}, {0x1da8c,0x1d}, {0x1da9b,0x105},
  {0x1daa0,0x1d}, {0x1daa1,0x105}, {0x1dab0,0x1d}, {0x1df00,0x200001},
  {0x1df0a,0x200004}, {0x1df0b,0x200001}, {0x1df1f,0x1d}, {0x1e000,0x105},
  {0x1e007,0x1d}, {0x1e008,0x105}, {0x1e019,0x1d}, {0x1e01b,0x105},
  {0x1e022,0x1d}, {0x1e023,0x105}, {0x1e025,0x1d}, {0x1e026,0x105},
  {0x1e02b,0x1d}, {0x1e100,0x4}, {0x1e12d,0x1d}, {0x1e130,0x105},
  {0x1e137,0x3}, {0x1e13e,0x1d}, {0x1e140,0x4008}, {0x1e141,0x4408},
  {0x1e142,0x4808}, {0x1e143,0x4c08}, {0x1e144,0x5008}, {0x1e145,0x5408},
  {0x1e146,0x5808}, {0x1e147,0x5c08}, {0x1e148,0x6008}, {0x1e149,0x6408},
  {0x1e14a,0x1d}, {0x1e14e,0x4}, {0x1e14f,0x15}, {0x1e150,0x1d},
  {0x1e290,0x4}, {0x1e2ae,0x105}, {0x1e2af,0x1d}, {0x1e2c0,0x4},
  {0x1e2ec,0x105}, {0x1e2f0,0x4008}, {0x1e2f1,0x4408}, {0x1e2f2,0x4808},
  {0x1e2f3,0x4c08}, {0x1e2f4,0x5008}, {0x1e2f5,0x5408}, {0x1e2f6,0x5808},
  {0x1e2f7,0x5c08}, {0x1e2f8,0x6008}, {0x1e2f9,0x6408}, {0x1e2fa,0x1d},
  {0x1e2ff,0xb3}, {0x1e300,0x1d}, {0x1e7e0,0x4}, {0x1e7e7,0x1d},
  {0x1e7e8,0x4}, {0x1e7ec,0x1d}, {0x1e7ed,0x4}, {0x1e7ef,0x1d},
  {0x1e7f0,0x4}, {0x1e7ff,0x1d}, {0x1e800,0x24}, {0x1e8c5,0x1d},
  {0x1e8c7,0x2a}, {0x1e8d0,0x105}, {0x1e8d7,0x1d}, {0x1e900,0x20},
  {0x1e922,0x21}, {0x1e944,0x105}, {0x1e94b,0x23}, {0x1e94c,0x1d},
  {0x1e950,0x4028}, {0x1e951,0x4428}, {0x1e952,0x4828}, {0x1e953,0x4c28},
  {0x1e954,0x5028}, {0x1e955,0x5428}, {0x1e956,0x5828}, {0x1e957,0x5c28},
  {0x1e958,0x6028}, {0x1e959,0x6428}, {0x1e95a,0x1d}, {0x1e95e,0x31},
  {0x1e960,0x1d}, {0x1ec71,0x4a}, {0x1ecac,0x55}, {0x1ecad,0x4a},
  {0x1ecb0,0x53}, {0x1ecb1,0x4a}, {0x1ecb5,0x1d}, {0x1ed01,0x4a},
  {0x1ed2e,0x55}, {0x1ed2f,0x4a}, {0x1ed3e,0x1d}, {0x1ee00,0x44},
  {0x1ee04,0x1d}, {0x1ee05,0x44}, {0x1ee20,0x1d}, {0x1ee21,0x44},
  {0x1ee23,0x1d}, {0x1ee24,0x44}, {0x1ee25,0x1d}, {0x1ee27,0x44},
  {0x1ee28,0x1d}, {0x1ee29,0x44}, {0x1ee33,0x1d}, {0x1ee34,0x44},
  {0x1ee38,0x1d}, {0x1ee39,0x44}, {0x1ee3a,0x1d}, {0x1ee3b,0x44},
  {0x1ee3c,0x1d}, {0x1ee42,0x44}, {0x1ee43,0x1d}, {0x1ee47,0x44},
  {0x1ee48,0x1d}, {0x1ee49,0x44}, {0x1ee4a,0x1d}, {0x1ee4b,0x44},
  {0x1ee4c,0x1d}, {0x1ee4d,0x44}, {0x1ee50,0x1d}, {0x1ee51,0x44},
  {0x1ee53,0x1d}, {0x1ee54,0x44}, {0x1ee55,0x1d}, {0x1ee57,0x44},
  {0x1ee58,0x1d}, {0x1ee59,0x44}, {0x1ee5a,0x1d}, {0x1ee5b,0x44},
  {0x1ee5c,0x1d}, {0x1ee5d,0x44}, {0x1ee5e,0x1d}, {0x1ee5f,0x44},
  {0x1ee60,0x1d}, {0x1ee61,0x44}, {0x1ee63,0x1d}, {0x1ee64,0x44},
  {0x1ee65,0x1d}, {0x1ee67,0x44}, {0x1ee6b,0x1d}, {0x1ee6c,0x44},
  {0x1ee73,0x1d}, {0x1ee74,0x44}, {0x1ee78,0x1d}, {0x1ee79,0x44},
  {0x1ee7d,0x1d}, {0x1ee7e,0x44}, {0x1ee7f,0x1d}, {0x1ee80,0x44},
  {0x1ee8a,0x1d}, {0x1ee8b,0x44}, {0x1ee9c,0x1d}, {0x1eea1,0x44},
  {0x1eea4,0x1d}, {0x1eea5,0x44}, {0x1eeaa,0x1d}, {0x1eeab,0x44},
  {0x1eebc,0x1d}, {0x1eef0,0x1b2}, {0x1eef2,0x1d}, {0x1f000,0x1b5},
  {0x1f02c,0x1d}, {0x1f030,0x1b5}, {0x1f094,0x1d}, {0x1f0a0,0x1b5},
  {0x1f0af,0x1d}, {0x1f0b1,0x1b5}, {0x1f0c0,0x1d}, {0x1f0c1,0x1b5},
  {0x1f0d0,0x1d}, {0x1f0d1,0x1b5}, {0x1f0f6,0x1d}, {0x1f100,0x6a},
  {0x1f10b,0x1aa}, {0x1f10d,0x1b5}, {0x1f110,0x15}, {0x1f12f,0x1b5},
  {0x1f130,0x15}, {0x1f16a,0x1b5}, {0x1f170,0x15}, {0x1f1ad,0x1b5},
  {0x1f1ae,0x1d}, {0x1f1e6,0x15}, {0x1f203,0x1d}, {0x1f210,0x15},
  {0x1f23c,0x1d}, {0x1f240,0x15}, {0x1f249,0x1d}, {0x1f250,0x15},
  {0x1f252,0x1d}, {0x1f260,0x1b5}, {0x1f266,0x1d}, {0x1f300,0x1b5},
  {0x1f3fb,0x1b4}, {0x1f400,0x1b5}, {0x1f6d8,0x1d}, {0x1f6dd,0x1b5},
  {0x1f6ed,0x1d}, {0x1f6f0,0x1b5}, {0x1f6fd,0x1d}, {0x1f700,0x1b5},
  {0x1f774,0x1d}, {0x1f780,0x1b5}, {0x1f7d9,0x1d}, {0x1f7e0,0x1b5},
  {0x1f7ec,0x1d}, {0x1f7f0,0x1b5}, {0x1f7f1,0x1d}, {0x1f800,0x1b5},
  {0x1f80c,0x1d}, {0x1f810,0x1b5}, {0x1f848,0x1d}, {0x1f850,0x1b5},
  {0x1f85a,0x1d}, {0x1f860,0x1b5}, {0x1f888,0x1d}, {0x1f890,0x1b5},
  {0x1f8ae,0x1d}, {0x1f8b0,0x1b5}, {0x1f8b2,0x1d}, {0x1f900,0x1b5},
  {0x1fa54,0x1d}, {0x1fa60,0x1b5}, {0x1fa6e,0x1d}, {0x1fa70,0x1b5},
  {0x1fa75,0x1d}, {0x1fa78,0x1b5}, {0x1fa7d,0x1d}, {0x1fa80,0x1b5},
  {0x1fa87,0x1d}, {0x1fa90,0x1b5}, {0x1faad,0x1d}, {0x1fab0,0x1b5},
  {0x1fabb,0x1d}, {0x1fac0,0x1b5}, {0x1fac6,0x1d}, {0x1fad0,0x1b5},
  {0x1fada,0x1d}, {0x1fae0,0x1b5}, {0x1fae8,0x1d}, {0x1faf0,0x1b5},
  {0x1faf7,0x1d}, {0x1fb00,0x1b5}, {0x1fb93,0x1d}, {0x1fb94,0x1b5},
  {0x1fbcb,0x1d}, {0x1fbf0,0x4068}, {0x1fbf1,0x4468}, {0x1fbf2,0x4868},
  {0x1fbf3,0x4c68}, {0x1fbf4,0x5068}, {0x1fbf5,0x5468}, {0x1fbf6,0x5868},
  {0x1fbf7,0x5c68}, {0x1fbf8,0x6068}, {0x1fbf9,0x6468}, {0x1fbfa,0x1d},
  {0x20000,0x100004}, {0x2a6e0,0x1d}, {0x2a700,0x100004}, {0x2b739,0x1d},
  {0x2b740,0x100004}, {0x2b81e,0x1d}, {0x2b820,0x100004}, {0x2cea2,0x1d},
  {0x2ceb0,0x100004}, {0x2ebe1,0x1d}, {0x2f800,0x100004}, {0x2fa1e,0x1d},
  {0x30000,0x100004}, {0x3134b,0x1d}, {0xe0001,0x13a}, {0xe0002,0x1d},
  {0xe0020,0x13a}, {0xe0080,0x1d}, {0xe0100,0x105}, {0xe01f0,0x1d},
  {0xf0000,0x1c}, {0xffffe,0x1d}, {0x100000,0x1c}, {0x10fffe,0x1d},
};
static const uni_case_t uni_case[UNI_NCASE] = {
  {0x41,0,32}, {0x42,0,32}, {0x43,0,32}, {0x44,0,32},
  {0x45,0,32}, {0x46,0,32}, {0x47,0,32}, {0x48,0,32},
  {0x49,0,32}, {0x4a,0,32}, {0x4b,0,32}, {0x4c,0,32},
  {0x4d,0,32}, {0x4e,0,32}, {0x4f,0,32}, {0x50,0,32},
  {0x51,0,32}, {0x52,0,32}, {0x53,0,32}, {0x54,0,32},
  {0x55,0,32}, {0x56,0,32}, {0x57,0,32}, {0x58,0,32},
  {0x59,0,32}, {0x5a,0,32}, {0x61,-32,0}, {0x62,-32,0},
  {0x63,-32,0}, {0x64,-32,0}, {0x65,-32,0}, {0x66,-32,0},
  {0x67,-32,0}, {0x68,-32,0}, {0x69,-32,0}, {0x6a,-32,0},
  {0x6b,-32,0}, {0x6c,-32,0}, {0x6d,-32,0}, {0x6e,-32,0},
  {0x6f,-32,0}, {0x70,-32,0}, {0x71,-32,0}, {0x72,-32,0},
  {0x73,-32,0}, {0x74,-32,0}, {0x75,-32,0}, {0x76,-32,0},
  {0x77,-32,0}, {0x78,-32,0}, {0x79,-32,0}, {0x7a,-32,0},
  {0xb5,743,0}, {0xc0,0,32}, {0xc1,0,32}, {0xc2,0,32},
  {0xc3,0,32}, {0xc4,0,32}, {0xc5,0,32}, {0xc6,0,32},
  {0xc7,0,32}, {0xc8,0,32}, {0xc9,0,32}, {0xca,0,32},
  {0xcb,0,32}, {0xcc,0,32}, {0xcd,0,32}, {0xce,0,32},
  {0xcf,0,32}, {0xd0,0,32}, {0xd1,0,32}, {0xd2,0,32},
  {0xd3,0,32}, {0xd4,0,32}, {0xd5,0,32}, {0xd6,0,32},
  {0xd8,0,32}, {0xd9,0,32}, {0xda,0,32}, {0xdb,0,32},
  {0xdc,0,32}, {0xdd,0,32}, {0xde,0,32}, {0xe0,-32,0},
  {0xe1,-32,0}, {0xe2,-32,0}, {0xe3,-32,0}, {0xe4,-32,0},
  {0xe5,-32,0}, {0xe6,-32,0}, {0xe7,-32,0}, {0xe8,-32,0},
  {0xe9,-32,0}, {0xea,-32,0}, {0xeb,-32,0}, {0xec,-32,0},
  {0xed,-32,0}, {0xee,-32,0}, {0xef,-32,0}, {0xf0,-32,0},
  {0xf1,-32,0}, {0xf2,-32,0}, {0xf3,-32,0}, {0xf4,-32,0},
  {0xf5,-32,0}, {0xf6,-32,0}, {0xf8,-32,0}, {0xf9,-32,0},
  {0xfa,-32,0}, {0xfb,-32,0}, {0xfc,-32,0}, {0xfd,-32,0},
  {0xfe,-32,0}, {0xff,121,0}, {0x100,0,1}, {0x101,-1,0},
  {0x102,0,1}, {0x103,-1,0}, {0x104,0,1}, {0x105,-1,0},
  {0x106,0,1}, {0x107,-1,0}, {0x108,0,1}, {0x109,-1,0},
  {0x10a,0,1}, {0x10b,-1,0}, {0x10c,0,1}, {0x10d,-1,0},
  {0x10e,0,1}, {0x10f,-1,0}, {0x110,0,1}, {0x111,-1,0},
  {0x112,0,1}, {0x113,-1,0}, {0x114,0,1}, {0x115,-1,0},
  {0x116,0,1}, {0x117,-1,0}, {0x118,0,1}, {0x119,-1,0},
  {0x11a,0,1}, {0x11b,-1,0}, {0x11c,0,1}, {0x11d,-1,0},
  {0x11e,0,1}, {0x11f,-1,0}, {0x120,0,1}, {0x121,-1,0},
  {0x122,0,1}, {0x123,-1,0}, {0x124,0,1}, {0x125,-1,0},
  {0x126,0,1}, {0x127,-1,0}, {0x128,0,1}, {0x129,-1,0},
  {0x12a,0,1}, {0x12b,-1,0}, {0x12c,0,1}, {0x12d,-1,0},
  {0x12e,0,1}, {0x12f,-1,0}, {0x130,0,-199}, {0x131,-232,0},
  {0x132,0,1}, {0x133,-1,0}, {0x134,0,1}, {0x135,-1,0},
  {0x136,0,1}, {0x137,-1,0}, {0x139,0,1}, {0x13a,-1,0},
  {0x13b,0,1}, {0x13c,-1,0}, {0x13d,0,1}, {0x13e,-1,0},
  {0x13f,0,1}, {0x140,-1,0}, {0x141,0,1}, {0x142,-1,0},
  {0x143,0,1}, {0x144,-1,0}, {0x145,0,1}, {0x146,-1,0},
  {0x147,0,1}, {0x148,-1,0}, {0x14a,0,1}, {0x14b,-1,0},
  {0x14c,0,1}, {0x14d,-1,0}, {0x14e,0,1}, {0x14f,-1,0},
  {0x150,0,1}, {0x151,-1,0}, {0x152,0,1}, {0x153,-1,0},
  {0x154,0,1}, {0x155,-1,0}, {0x156,0,1}, {0x157,-1,0},
  {0x158,0,1}, {0x159,-1,0}, {0x15a,0,1}, {0x15b,-1,0},
  {0x15c,0,1}, {0x15d,-1,0}, {0x15e,0,1}, {0x15f,-1,0},
  {0x160,0,1}, {0x161,-1,0}, {0x162,0,1}, {0x163,-1,0},
  {0x164,0,1}, {0x165,-1,0}, {0x166,0,1}, {0x167,-1,0},
  {0x168,0,1}, {0x169,-1,0}, {0x16a,0,1}, {0x16b,-1,0},
  {0x16c,0,1}, {0x16d,-1,0}, {0x16e,0,1}, {0x16f,-1,0},
  {0x170,0,1}, {0x171,-1,0}, {0x172,0,1}, {0x173,-1,0},
  {0x174,0,1}, {0x175,-1,0}, {0x176,0,1}, {0x177,-1,0},
  {0x178,0,-121}, {0x179,0,1}, {0x17a,-1,0}, {0x17b,0,1},
  {0x17c,-1,0}, {0x17d,0,1}, {0x17e,-1,0}, {0x17f,-300,0},
  {0x180,195,0}, {0x181,0,210}, {0x182,0,1}, {0x183,-1,0},
  {0x184,0,1}, {0x185,-1,0}, {0x186,0,206}, {0x187,0,1},
  {0x188,-1,0}, {0x189,0,205}, {0x18a,0,205}, {0x18b,0,1},
  {0x18c,-1,0}, {0x18e,0,79}, {0x18f,0,202}, {0x190,0,203},
  {0x191,0,1}, {0x192,-1,0}, {0x193,0,205}, {0x194,0,207},
  {0x195,97,0}, {0x196,0,211}, {0x197,0,209}, {0x198,0,1},
  {0x199,-1,0}, {0x19a,163,0}, {0x19c,0,211}, {0x19d,0,213},
  {0x19e,130,0}, {0x19f,0,214}, {0x1a0,0,1}, {0x1a1,-1,0},
  {0x1a2,0,1}, {0x1a3,-1,0}, {0x1a4,0,1}, {0x1a5,-1,0},
  {0x1a6,0,218}, {0x1a7,0,1}, {0x1a8,-1,0}, {0x1a9,0,218},
  {0x1ac,0,1}, {0x1ad,-1,0}, {0x1ae,0,218}, {0x1af,0,1},
  {0x1b0,-1,0}, {0x1b1,0,217}, {0x1b2,0,217}, {0x1b3,0,1},
  {0x1b4,-1,0}, {0x1b5,0,1}, {0x1b6,-1,0}, {0x1b7,0,219},
  {0x1b8,0,1}, {0x1b9,-1,0}, {0x1bc,0,1}, {0x1bd,-1,0},
  {0x1bf,56,0}, {0x1c4,0,2}, {0x1c5,-1,1}, {0x1c6,-2,0},
  {0x1c7,0,2}, {0x1c8,-1,1}, {0x1c9,-2,0}, {0x1ca,0,2},
  {0x1cb,-1,1}, {0x1cc,-2,0}, {0x1cd,0,1}, {0x1ce,-1,0},
  {0x1cf,0,1}, {0x1d0,-1,0}, {0x1d1,0,1}, {0x1d2,-1,0},
  {0x1d3,0,1}, {0x1d4,-1,0}, {0x1d5,0,1}, {0x1d6,-1,0},
  {0x1d7,0,1}, {0x1d8,-1,0}, {0x1d9,0,1}, {0x1da,-1,0},
  {0x1db,0,1}, {0x1dc,-1,0}, {0x1dd,-79,0}, {0x1de,0,1},
  {0x1df,-1,0}, {0x1e0,0,1}, {0x1e1,-1,0}, {0x1e2,0,1},
  {0x1e3,-1,0}, {0x1e4,0,1}, {0x1e5,-1,0}, {0x1e6,0,1},
  {0x1e7,-1,0}, {0x1e8,0,1}, {0x1e9,-1,0}, {0x1ea,0,1},
  {0x1eb,-1,0}, {0x1ec,0,1}, {0x1ed,-1,0}, {0x1ee,0,1},
  {0x1ef,-1,0}, {0x1f1,0,2}, {0x1f2,-1,1}, {0x1f3,-2,0},
  {0x1f4,0,1}, {0x1f5,-1,0}, {0x1f6,0,-97}, {0x1f7,0,-56},
  {0x1f8,0,1}, {0x1f9,-1,0}, {0x1fa,0,1}, {0x1fb,-1,0},
  {0x1fc,0,1}, {0x1fd,-1,0}, {0x1fe,0,1}, {0x1ff,-1,0},
  {0x200,0,1}, {0x201,-1,0}, {0x202,0,1}, {0x203,-1,0},
  {0x204,0,1}, {0x205,-1,0}, {0x206,0,1}, {0x207,-1,0},
  {0x208,0,1}, {0x209,-1,0}, {0x20a,0,1}, {0x20b,-1,0},
  {0x20c,0,1}, {0x20d,-1,0}, {0x20e,0,1}, {0x20f,-1,0},
  {0x210,0,1}, {0x211,-1,0}, {0x212,0,1}, {0x213,-1,0},
  {0x214,0,1}, {0x215,-1,0}, {0x216,0,1}, {0x217,-1,0},
  {0x218,0,1}, {0x219,-1,0}, {0x21a,0,1}, {0x21b,-1,0},
  {0x21c,0,1}, {0x21d,-1,0}, {0x21e,0,1}, {0x21f,-1,0},
  {0x220,0,-130}, {0x222,0,1}, {0x223,-1,0}, {0x224,0,1},
  {0x225,-1,0}, {0x226,0,1}, {0x227,-1,0}, {0x228,0,1},
  {0x229,-1,0}, {0x22a,0,1}, {0x22b,-1,0}, {0x22c,0,1},
  {0x22d,-1,0}, {0x22e,0,1}, {0x22f,-1,0}, {0x230,0,1},
  {0x231,-1,0}, {0x232,0,1}, {0x233,-1,0}, {0x23a,0,10795},
  {0x23b,0,1}, {0x23c,-1,0}, {0x23d,0,-163}, {0x23e,0,10792},
  {0x23f,10815,0}, {0x240,10815,0}, {0x241,0,1}, {0x242,-1,0},
  {0x243,0,-195}, {0x244,0,69}, {0x245,0,71}, {0x246,0,1},
  {0x247,-1,0}, {0x248,0,1}, {0x249,-1,0}, {0x24a,0,1},
  {0x24b,-1,0}, {0x24c,0,1}, {0x24d,-1,0}, {0x24e,0,1},
  {0x24f,-1,0}, {0x250,10783,0}, {0x251,10780,0}, {0x252,10782,0},
  {0x253,-210,0}, {0x254,-206,0}, {0x256,-205,0}, {0x257,-205,0},
  {0x259,-202,0}, {0x25b,-203,0}, {0x25c,42319,0}, {0x260,-205,0},
  {0x261,42315,0}, {0x263,-207,0}, {0x265,42280,0}, {0x266,42308,0},
  {0x268,-209,0}, {0x269,-211,0}, {0x26a,42308,0}, {0x26b,10743,0},
  {0x26c,42305,0}, {0x26f,-211,0}, {0x271,10749,0}, {0x272,-213,0},
  {0x275,-214,0}, {0x27d,10727,0}, {0x280,-218,0}, {0x282,42307,0},
  {0x283,-218,0}, {0x287,42282,0}, {0x288,-218,0}, {0x289,-69,0},
  {0x28a,-217,0}, {0x28b,-217,0}, {0x28c,-71,0}, {0x292,-219,0},
  {0x29d,42261,0}, {0x29e,42258,0}, {0x345,84,0}, {0x370,0,1},
  {0x371,-1,0}, {0x372,0,1}, {0x373,-1,0}, {0x376,0,1},
  {0x377,-1,0}, {0x37b,130,0}, {0x37c,130,0}, {0x37d,130,0},
  {0x37f,0,116}, {0x386,0,38}, {0x388,0,37}, {0x389,0,37},
  {0x38a,0,37}, {0x38c,0,64}, {0x38e,0,63}, {0x38f,0,63},
  {0x391,0,32}, {0x392,0,32}, {0x393,0,32}, {0x394,0,32},
  {0x395,0,32}, {0x396,0,32}, {0x397,0,32}, {0x398,0,32},
  {0x399,0,32}, {0x39a,0,32}, {0x39b,0,32}, {0x39c,0,32},
  {0x39d,0,32}, {0x39e,0,32}, {0x39f,0,32}, {0x3a0,0,32},
  {0x3a1,0,32}, {0x3a3,0,32}, {0x3a4,0,32}, {0x3a5,0,32},
  {0x3a6,0,32}, {0x3a7,0,32}, {0x3a8,0,32}, {0x3a9,0,32},
  {0x3aa,0,32}, {0x3ab,0,32}, {0x3ac,-38,0}, {0x3ad,-37,0},
  {0x3ae,-37,0}, {0x3af,-37,0}, {0x3b1,-32,0}, {0x3b2,-32,0},
  {0x3b3,-32,0}, {0x3b4,-32,0}, {0x3b5,-32,0}, {0x3b6,-32,0},
  {0x3b7,-32,0}, {0x3b8,-32,0}, {0x3b9,-32,0}, {0x3ba,-32,0},
  {0x3bb,-32,0}, {0x3bc,-32,0}, {0x3bd,-32,0}, {0x3be,-32,0},
  {0x3bf,-32,0}, {0x3c0,-32,0}, {0x3c1,-32,0}, {0x3c2,-31,0},
  {0x3c3,-32,0}, {0x3c4,-32,0}, {0x3c5,-32,0}, {0x3c6,-32,0},
  {0x3c7,-32,0}, {0x3c8,-32,0}, {0x3c9,-32,0}, {0x3ca,-32,0},
  {0x3cb,-32,0}, {0x3cc,-64,0}, {0x3cd,-63,0}, {0x3ce,-63,0},
  {0x3cf,0,8}, {0x3d0,-62,0}, {0x3d1,-57,0}, {0x3d5,-47,0},
  {0x3d6,-54,0}, {0x3d7,-8,0}, {0x3d8,0,1}, {0x3d9,-1,0},
  {0x3da,0,1}, {0x3db,-1,0}, {0x3dc,0,1}, {0x3dd,-1,0},
  {0x3de,0,1}, {0x3df,-1,0}, {0x3e0,0,1}, {0x3e1,-1,0},
  {0x3e2,0,1}, {0x3e3,-1,0}, {0x3e4,0,1}, {0x3e5,-1,0},
  {0x3e6,0,1}, {0x3e7,-1,0}, {0x3e8,0,1}, {0x3e9,-1,0},
  {0x3ea,0,1}, {0x3eb,-1,0}, {0x3ec,0,1}, {0x3ed,-1,0},
  {0x3ee,0,1}, {0x3ef,-1,0}, {0x3f0,-86,0}, {0x3f1,-80,0},
  {0x3f2,7,0}, {0x3f3,-116,0}, {0x3f4,0,-60}, {0x3f5,-96,0},
  {0x3f7,0,1}, {0x3f8,-1,0}, {0x3f9,0,-7}, {0x3fa,0,1},
  {0x3fb,-1,0}, {0x3fd,0,-130}, {0x3fe,0,-130}, {0x3ff,0,-130},
  {0x400,0,80}, {0x401,0,80}, {0x402,0,80}, {0x403,0,80},
  {0x404,0,80}, {0x405,0,80}, {0x406,0,80}, {0x407,0,80},
  {0x408,0,80}, {0x409,0,80}, {0x40a,0,80}, {0x40b,0,80},
  {0x40c,0,80}, {0x40d,0,80}, {0x40e,0,80}, {0x40f,0,80},
  {0x410,0,32}, {0x411,0,32}, {0x412,0,32}, {0x413,0,32},
  {0x414,0,32}, {0x415,0,32}, {0x416,0,32}, {0x417,0,32},
  {0x418,0,32}, {0x419,0,32}, {0x41a,0,32}, {0x41b,0,32},
  {0x41c,0,32}, {0x41d,0,32}, {0x41e,0,32}, {0x41f,0,32},
  {0x420,0,32}, {0x421,0,32}, {0x422,0,32}, {0x423,0,32},
  {0x424,0,32}, {0x425,0,32}, {0x426,0,32}, {0x427,0,32},
  {0x428,0,32}, {0x429,0,32}, {0x42a,0,32}, {0x42b,0,32},
  {0x42c,0,32}, {0x42d,0,32}, {0x42e,0,32}, {0x42f,0,32},
  {0x430,-32,0}, {0x431,-32,0}, {0x432,-32,0}, {0x433,-32,0},
  {0x434,-32,0}, {0x435,-32,0}, {0x436,-32,0}, {0x437,-32,0},
  {0x438,-32,0}, {0x439,-32,0}, {0x43a,-32,0}, {0x43b,-32,0},
  {0x43c,-32,0}, {0x43d,-32,0}, {0x43e,-32,0}, {0x43f,-32,0},
  {0x440,-32,0}, {0x441,-32,0}, {0x442,-32,0}, {0x443,-32,0},
  {0x444,-32,0}, {0x445,-32,0}, {0x446,-32,0}, {0x447,-32,0},
  {0x448,-32,0}, {0x449,-32,0}, {0x44a,-32,0}, {0x44b,-32,0},
  {0x44c,-32,0}, {0x44d,-32,0}, {0x44e,-32,0}, {0x44f,-32,0},
  {0x450,-80,0}, {0x451,-80,0}, {0x452,-80,0}, {0x453,-80,0},
  {0x454,-80,0}, {0x455,-80,0}, {0x456,-80,0}, {0x457,-80,0},
  {0x458,-80,0}, {0x459,-80,0}, {0x45a,-80,0}, {0x45b,-80,0},
  {0x45c,-80,0}, {0x45d,-80,0}, {0x45e,-80,0}, {0x45f,-80,0},
  {0x460,0,1}, {0x461,-1,0}, {0x462,0,1}, {0x463,-1,0},
  {0x464,0,1}, {0x465,-1,0}, {0x466,0,1}, {0x467,-1,0},
  {0x468,0,1}, {0x469,-1,0}, {0x46a,0,1}, {0x46b,-1,0},
  {0x46c,0,1}, {0x46d,-1,0}, {0x46e,0,1}, {0x46f,-1,0},
  {0x470,0,1}, {0x471,-1,0}, {0x472,0,1}, {0x473,-1,0},
  {0x474,0,1}, {0x475,-1,0}, {0x476,0,1}, {0x477,-1,0},
  {0x478,0,1}, {0x479,-1,0}, {0x47a,0,1}, {0x47b,-1,0},
  {0x47c,0,1}, {0x47d,-1,0}, {0x47e,0,1}, {0x47f,-1,0},
  {0x480,0,1}, {0x481,-1,0}, {0x48a,0,1}, {0x48b,-1,0},
  {0x48c,0,1}, {0x48d,-1,0}, {0x48e,0,1}, {0x48f,-1,0},
  {0x490,0,1}, {0x491,-1,0}, {0x492,0,1}, {0x493,-1,0},
  {0x494,0,1}, {0x495,-1,0}, {0x496,0,1}, {0x497,-1,0},
  {0x498,0,1}, {0x499,-1,0}, {0x49a,0,1}, {0x49b,-1,0},
  {0x49c,0,1}, {0x49d,-1,0}, {0x49e,0,1}, {0x49f,-1,0},
  {0x4a0,0,1}, {0x4a1,-1,0}, {0x4a2,0,1}, {0x4a3,-1,0},
  {0x4a4,0,1}, {0x4a5,-1,0}, {0x4a6,0,1}, {0x4a7,-1,0},
  {0x4a8,0,1}, {0x4a9,-1,0}, {0x4aa,0,1}, {0x4ab,-1,0},
  {0x4ac,0,1}, {0x4ad,-1,0}, {0x4ae,0,1}, {0x4af,-1,0},
  {0x4b0,0,1}, {0x4b1,-1,0}, {0x4b2,0,1}, {0x4b3,-1,0},
  {0x4b4,0,1}, {0x4b5,-1,0}, {0x4b6,0,1}, {0x4b7,-1,0},
  {0x4b8,0,1}, {0x4b9,-1,0}, {0x4ba,0,1}, {0x4bb,-1,0},
  {0x4bc,0,1}, {0x4bd,-1,0}, {0x4be,0,1}, {0x4bf,-1,0},
  {0x4c0,0,15}, {0x4c1,0,1}, {0x4c2,-1,0}, {0x4c3,0,1},
  {0x4c4,-1,0}, {0x4c5,0,1}, {0x4c6,-1,0}, {0x4c7,0,1},
  {0x4c8,-1,0}, {0x4c9,0,1}, {0x4ca,-1,0}, {0x4cb,0,1},
  {0x4cc,-1,0}, {0x4cd,0,1}, {0x4ce,-1,0}, {0x4cf,-15,0},
  {0x4d0,0,1}, {0x4d1,-1,0}, {0x4d2,0,1}, {0x4d3,-1,0},
  {0x4d4,0,1}, {0x4d5,-1,0}, {0x4d6,0,1}, {0x4d7,-1,0},
  {0x4d8,0,1}, {0x4d9,-1,0}, {0x4da,0,1}, {0x4db,-1,0},
  {0x4dc,0,1}, {0x4dd,-1,0}, {0x4de,0,1}, {0x4df,-1,0},
  {0x4e0,0,1}, {0x4e1,-1,0}, {0x4e2,0,1}, {0x4e3,-1,0},
  {0x4e4,0,1}, {0x4e5,-1,0}, {0x4e6,0,1}, {0x4e7,-1,0},
  {0x4e8,0,1}, {0x4e9,-1,0}, {0x4ea,0,1}, {0x4eb,-1,0},
  {0x4ec,0,1}, {0x4ed,-1,0}, {0x4ee,0,1}, {0x4ef,-1,0},
  {0x4f0,0,1}, {0x4f1,-1,0}, {0x4f2,0,1}, {0x4f3,-1,0},
  {0x4f4,0,1}, {0x4f5,-1,0}, {0x4f6,0,1}, {0x4f7,-1,0},
  {0x4f8,0,1}, {0x4f9,-1,0}, {0x4fa,0,1}, {0x4fb,-1,0},
  {0x4fc,0,1}, {0x4fd,-1,0}, {0x4fe,0,1}, {0x4ff,-1,0},
  {0x500,0,1}, {0x501,-1,0}, {0x502,0,1}, {0x503,-1,0},
  {0x504,0,1}, {0x505,-1,0}, {0x506,0,1}, {0x507,-1,0},
  {0x508,0,1}, {0x509,-1,0}, {0x50a,0,1}, {0x50b,-1,0},
  {0x50c,0,1}, {0x50d,-1,0}, {0x50e,0,1}, {0x50f,-1,0},
  {0x510,0,1}, {0x511,-1,0}, {0x512,0,1}, {0x513,-1,0},
  {0x514,0,1}, {0x515,-1,0}, {0x516,0,1}, {0x517,-1,0},
  {0x518,0,1}, {0x519,-1,0}, {0x51a,0,1}, {0x51b,-1,0},
  {0x51c,0,1}, {0x51d,-1,0}, {0x51e,0,1}, {0x51f,-1,0},
  {0x520,0,1}, {0x521,-1,0}, {0x522,0,1}, {0x523,-1,0},
  {0x524,0,1}, {0x525,-1,0}, {0x526,0,1}, {0x527,-1,0},
  {0x528,0,1}, {0x529,-1,0}, {0x52a,0,1}, {0x52b,-1,0},
  {0x52c,0,1}, {0x52d,-1,0}, {0x52e,0,1}, {0x52f,-1,0},
  {0x531,0,48}, {0x532,0,48}, {0x533,0,48}, {0x534,0,48},
  {0x535,0,48}, {0x536,0,48}, {0x537,0,48}, {0x538,0,48},
  {0x539,0,48}, {0x53a,0,48}, {0x53b,0,48}, {0x53c,0,48},
  {0x53d,0,48}, {0x53e,0,48}, {0x53f,0,48}, {0x540,0,48},
  {0x541,0,48}, {0x542,0,48}, {0x543,0,48}, {0x544,0,48},
  {0x545,0,48}, {0x546,0,48}, {0x547,0,48}, {0x548,0,48},
  {0x549,0,48}, {0x54a,0,48}, {0x54b,0,48}, {0x54c,0,48},
  {0x54d,0,48}, {0x54e,0,48}, {0x54f,0,48}, {0x550,0,48},
  {0x551,0,48}, {0x552,0,48}, {0x553,0,48}, {0x554,0,48},
  {0x555,0,48}, {0x556,0,48}, {0x561,-48,0}, {0x562,-48,0},
  {0x563,-48,0}, {0x564,-48,0}, {0x565,-48,0}, {0x566,-48,0},
  {0x567,-48,0}, {0x568,-48,0}, {0x569,-48,0}, {0x56a,-48,0},
  {0x56b,-48,0}, {0x56c,-48,0}, {0x56d,-48,0}, {0x56e,-48,0},
  {0x56f,-48,0}, {0x570,-48,0}, {0x571,-48,0}, {0x572,-48,0},
  {0x573,-48,0}, {0x574,-48,0}, {0x575,-48,0}, {0x576,-48,0},
  {0x577,-48,0}, {0x578,-48,0}, {0x579,-48,0}, {0x57a,-48,0},
  {0x57b,-48,0}, {0x57c,-48,0}, {0x57d,-48,0}, {0x57e,-48,0},
  {0x57f,-48,0}, {0x580,-48,0}, {0x581,-48,0}, {0x582,-48,0},
  {0x583,-48,0}, {0x584,-48,0}, {0x585,-48,0}, {0x586,-48,0},
  {0x10a0,0,7264}, {0x10a1,0,7264}, {0x10a2,0,7264}, {0x10a3,0,7264},
  {0x10a4,0,7264}, {0x10a5,0,7264}, {0x10a6,0,7264}, {0x10a7,0,7264},
  {0x10a8,0,7264}, {0x10a9,0,7264}, {0x10aa,0,7264}, {0x10ab,0,7264},
  {0x10ac,0,7264}, {0x10ad,0,7264}, {0x10ae,0,7264}, {0x10af,0,7264},
  {0x10b0,0,7264}, {0x10b1,0,7264}, {0x10b2,0,7264}, {0x10b3,0,7264},
  {0x10b4,0,7264}, {0x10b5,0,7264}, {0x10b6,0,7264}, {0x10b7,0,7264},
  {0x10b8,0,7264}, {0x10b9,0,7264}, {0x10ba,0,7264}, {0x10bb,0,7264},
  {0x10bc,0,7264}, {0x10bd,0,7264}, {0x10be,0,7264}, {0x10bf,0,7264},
  {0x10c0,0,7264}, {0x10c1,0,7264}, {0x10c2,0,7264}, {0x10c3,0,7264},
  {0x10c4,0,7264}, {0x10c5,0,7264}, {0x10c7,0,7264}, {0x10cd,0,7264},
  {0x10d0,3008,0}, {0x10d1,3008,0}, {0x10d2,3008,0}, {0x10d3,3008,0},
  {0x10d4,3008,0}, {0x10d5,3008,0}, {0x10d6,3008,0}, {0x10d7,3008,0},
  {0x10d8,3008,0}, {0x10d9,3008,0}, {0x10da,3008,0}, {0x10db,3008,0},
  {0x10dc,3008,0}, {0x10dd,3008,0}, {0x10de,3008,0}, {0x10df,3008,0},
  {0x10e0,3008,0}, {0x10e1,3008,0}, {0x10e2,3008,0}, {0x10e3,3008,0},
  {0x10e4,3008,0}, {0x10e5,3008,0}, {0x10e6,3008,0}, {0x10e7,3008,0},
  {0x10e8,3008,0}, {0x10e9,3008,0}, {0x10ea,3008,0}, {0x10eb,3008,0},
  {0x10ec,3008,0}, {0x10ed,3008,0}, {0x10ee,3008,0}, {0x10ef,3008,0},
  {0x10f0,3008,0}, {0x10f1,3008,0}, {0x10f2,3008,0}, {0x10f3,3008,0},
  {0x10f4,3008,0}, {0x10f5,3008,0}, {0x10f6,3008,0}, {0x10f7,3008,0},
  {0x10f8,3008,0}, {0x10f9,3008,0}, {0x10fa,3008,0}, {0x10fd,3008,0},
  {0x10fe,3008,0}, {0x10ff,3008,0}, {0x13a0,0,38864}, {0x13a1,0,38864},
  {0x13a2,0,38864}, {0x13a3,0,38864}, {0x13a4,0,38864}, {0x13a5,0,38864},
  {0x13a6,0,38864}, {0x13a7,0,38864}, {0x13a8,0,38864}, {0x13a9,0,38864},
  {0x13aa,0,38864}, {0x13ab,0,38864}, {0x13ac,0,38864}, {0x13ad,0,38864},
  {0x13ae,0,38864}, {0x13af,0,38864}, {0x13b0,0,38864}, {0x13b1,0,38864},
  {0x13b2,0,38864}, {0x13b3,0,38864}, {0x13b4,0,38864}, {0x13b5,0,38864},
  {0x13b6,0,38864}, {0x13b7,0,38864}, {0x13b8,0,38864}, {0x13b9,0,38864},
  {0x13ba,0,38864}, {0x13bb,0,38864}, {0x13bc,0,38864}, {0x13bd,0,38864},
  {0x13be,0,38864}, {0x13bf,0,38864}, {0x13c0,0,38864}, {0x13c1,0,38864},
  {0x13c2,0,38864}, {0x13c3,0,38864}, {0x13c4,0,38864}, {0x13c5,0,38864},
  {0x13c6,0,38864}, {0x13c7,0,38864}, {0x13c8,0,38864}, {0x13c9,0,38864},
  {0x13ca,0,38864}, {0x13cb,0,38864}, {0x13cc,0,38864}, {0x13cd,0,38864},
  {0x13ce,0,38864}, {0x13cf,0,38864}, {0x13d0,0,38864}, {0x13d1,0,38864},
  {0x13d2,0,38864}, {0x13d3,0,38864}, {0x13d4,0,38864}, {0x13d5,0,38864},
  {0x13d6,0,38864}, {0x13d7,0,38864}, {0x13d8,0,38864}, {0x13d9,0,38864},
  {0x13da,0,38864}, {0x13db,0,38864}, {0x13dc,0,38864}, {0x13dd,0,38864},
  {0x13de,0,38864}, {0x13df,0,38864}, {0x13e0,0,38864}, {0x13e1,0,38864},
  {0x13e2,0,38864}, {0x13e3,0,38864}, {0x13e4,0,38864}, {0x13e5,0,38864},
  {0x13e6,0,38864}, {0x13e7,0,38864}, {0x13e8,0,38864}, {0x13e9,0,38864},
  {0x13ea,0,38864}, {0x13eb,0,38864}, {0x13ec,0,38864}, {0x13ed,0,38864},
  {0x13ee,0,38864}, {0x13ef,0,38864}, {0x13f0,0,8}, {0x13f1,0,8},
  {0x13f2,0,8}, {0x13f3,0,8}, {0x13f4,0,8}, {0x13f5,0,8},
  {0x13f8,-8,0}, {0x13f9,-8,0}, {0x13fa,-8,0}, {0x13fb,-8,0},
  {0x13fc,-8,0}, {0x13fd,-8,0}, {0x1c80,-6254,0}, {0x1c81,-6253,0},
  {0x1c82,-6244,0}, {0x1c83,-6242,0}, {0x1c84,-6242,0}, {0x1c85,-6243,0},
  {0x1c86,-6236,0}, {0x1c87,-6181,0}, {0x1c88,35266,0}, {0x1c90,0,-3008},
  {0x1c91,0,-3008}, {0x1c92,0,-3008}, {0x1c93,0,-3008}, {0x1c94,0,-3008},
  {0x1c95,0,-3008}, {0x1c96,0,-3008}, {0x1c97,0,-3008}, {0x1c98,0,-3008},
  {0x1c99,0,-3008}, {0x1c9a,0,-3008}, {0x1c9b,0,-3008}, {0x1c9c,0,-3008},
  {0x1c9d,0,-3008}, {0x1c9e,0,-3008}, {0x1c9f,0,-3008}, {0x1ca0,0,-3008},
  {0x1ca1,0,-3008}, {0x1ca2,0,-3008}, {0x1ca3,0,-3008}, {0x1ca4,0,-3008},
  {0x1ca5,0,-3008}, {0x1ca6,0,-3008}, {0x1ca7,0,-3008}, {0x1ca8,0,-3008},
  {0x1ca9,0,-3008}, {0x1caa,0,-3008}, {0x1cab,0,-3008}, {0x1cac,0,-3008},
  {0x1cad,0,-3008}, {0x1cae,0,-3008}, {0x1caf,0,-3008}, {0x1cb0,0,-3008},
  {0x1cb1,0,-3008}, {0x1cb2,0,-3008}, {0x1cb3,0,-3008}, {0x1cb4,0,-3008},
  {0x1cb5,0,-3008}, {0x1cb6,0,-3008}, {0x1cb7,0,-3008}, {0x1cb8,0,-3008},
  {0x1cb9,0,-3008}, {0x1cba,0,-3008}, {0x1cbd,0,-3008}, {0x1cbe,0,-3008},
  {0x1cbf,0,-3008}, {0x1d79,35332,0}, {0x1d7d,3814,0}, {0x1d8e,35384,0},
  {0x1e00,0,1}, {0x1e01,-1,0}, {0x1e02,0,1}, {0x1e03,-1,0},
  {0x1e04,0,1}, {0x1e05,-1,0}, {0x1e06,0,1}, {0x1e07,-1,0},
  {0x1e08,0,1}, {0x1e09,-1,0}, {0x1e0a,0,1}, {0x1e0b,-1,0},
  {0x1e0c,0,1}, {0x1e0d,-1,0}, {0x1e0e,0,1}, {0x1e0f,-1,0},
  {0x1e10,0,1}, {0x1e11,-1,0}, {0x1e12,0,1}, {0x1e13,-1,0},
  {0x1e14,0,1}, {0x1e15,-1,0}, {0x1e16,0,1}, {0x1e17,-1,0},
  {0x1e18,0,1}, {0x1e19,-1,0}, {0x1e1a,0,1}, {0x1e1b,-1,0},
  {0x1e1c,0,1}, {0x1e1d,-1,0}, {0x1e1e,0,1}, {0x1e1f,-1,0},
  {0x1e20,0,1}, {0x1e21,-1,0}, {0x1e22,0,1}, {0x1e23,-1,0},
  {0x1e24,0,1}, {0x1e25,-1,0}, {0x1e26,0,1}, {0x1e27,-1,0},
  {0x1e28,0,1}, {0x1e29,-1,0}, {0x1e2a,0,1}, {0x1e2b,-1,0},
  {0x1e2c,0,1}, {0x1e2d,-1,0}, {0x1e2e,0,1}, {0x1e2f,-1,0},
  {0x1e30,0,1}, {0x1e31,-1,0}, {0x1e32,0,1}, {0x1e33,-1,0},
  {0x1e34,0,1}, {0x1e35,-1,0}, {0x1e36,0,1}, {0x1e37,-1,0},
  {0x1e38,0,1}, {0x1e39,-1,0}, {0x1e3a,0,1}, {0x1e3b,-1,0},
  {0x1e3c,0,1}, {0x1e3d,-1,0}, {0x1e3e,0,1}, {0x1e3f,-1,0},
  {0x1e40,0,1}, {0x1e41,-1,0}, {0x1e42,0,1}, {0x1e43,-1,0},
  {0x1e44,0,1}, {0x1e45,-1,0}, {0x1e46,0,1}, {0x1e47,-1,0},
  {0x1e48,0,1}, {0x1e49,-1,0}, {0x1e4a,0,1}, {0x1e4b,-1,0},
  {0x1e4c,0,1}, {0x1e4d,-1,0}, {0x1e4e,0,1}, {0x1e4f,-1,0},
  {0x1e50,0,1}, {0x1e51,-1,0}, {0x1e52,0,1}, {0x1e53,-1,0},
  {0x1e54,0,1}, {0x1e55,-1,0}, {0x1e56,0,1}, {0x1e57,-1,0},
  {0x1e58,0,1}, {0x1e59,-1,0}, {0x1e5a,0,1}, {0x1e5b,-1,0},
  {0x1e5c,0,1}, {0x1e5d,-1,0}, {0x1e5e,0,1}, {0x1e5f,-1,0},
  {0x1e60,0,1}, {0x1e61,-1,0}, {0x1e62,0,1}, {0x1e63,-1,0},
  {0x1e64,0,1}, {0x1e65,-1,0}, {0x1e66,0,1}, {0x1e67,-1,0},
  {0x1e68,0,1}, {0x1e69,-1,0}, {0x1e6a,0,1}, {0x1e6b,-1,0},
  {0x1e6c,0,1}, {0x1e6d,-1,0}, {0x1e6e,0,1}, {0x1e6f,-1,0},
  {0x1e70,0,1}, {0x1e71,-1,0}, {0x1e72,0,1}, {0x1e73,-1,0},
  {0x1e74,0,1}, {0x1e75,-1,0}, {0x1e76,0,1}, {0x1e77,-1,0},
  {0x1e78,0,1}, {0x1e79,-1,0}, {0x1e7a,0,1}, {0x1e7b,-1,0},
  {0x1e7c,0,1}, {0x1e7d,-1,0}, {0x1e7e,0,1}, {0x1e7f,-1,0},
  {0x1e80,0,1}, {0x1e81,-1,0}, {0x1e82,0,1}, {0x1e83,-1,0},
  {0x1e84,0,1}, {0x1e85,-1,0}, {0x1e86,0,1}, {0x1e87,-1,0},
  {0x1e88,0,1}, {0x1e89,-1,0}, {0x1e8a,0,1}, {0x1e8b,-1,0},
  {0x1e8c,0,1}, {0x1e8d,-1,0}, {0x1e8e,0,1}, {0x1e8f,-1,0},
  {0x1e90,0,1}, {0x1e91,-1,0}, {0x1e92,0,1}, {0x1e93,-1,0},
  {0x1e94,0,1}, {0x1e95,-1,0}, {0x1e9b,-59,0}, {0x1e9e,0,-7615},
  {0x1ea0,0,1}, {0x1ea1,-1,0}, {0x1ea2,0,1}, {0x1ea3,-1,0},
  {0x1ea4,0,1}, {0x1ea5,-1,0}, {0x1ea6,0,1}, {0x1ea7,-1,0},
  {0x1ea8,0,1}, {0x1ea9,-1,0}, {0x1eaa,0,1}, {0x1eab,-1,0},
  {0x1eac,0,1}, {0x1ead,-1,0}, {0x1eae,0,1}, {0x1eaf,-1,0},
  {0x1eb0,0,1}, {0x1eb1,-1,0}, {0x1eb2,0,1}, {0x1eb3,-1,0},
  {0x1eb4,0,1}, {0x1eb5,-1,0}, {0x1eb6,0,1}, {0x1eb7,-1,0},
  {0x1eb8,0,1}, {0x1eb9,-1,0}, {0x1eba,0,1}, {0x1ebb,-1,0},
  {0x1ebc,0,1}, {0x1ebd,-1,0}, {0x1ebe,0,1}, {0x1ebf,-1,0},
  {0x1ec0,0,1}, {0x1ec1,-1,0}, {0x1ec2,0,1}, {0x1ec3,-1,0},
  {0x1ec4,0,1}, {0x1ec5,-1,0}, {0x1ec6,0,1}, {0x1ec7,-1,0},
  {0x1ec8,0,1}, {0x1ec9,-1,0}, {0x1eca,0,1}, {0x1ecb,-1,0},
  {0x1ecc,0,1}, {0x1ecd,-1,0}, {0x1ece,0,1}, {0x1ecf,-1,0},
  {0x1ed0,0,1}, {0x1ed1,-1,0}, {0x1ed2,0,1}, {0x1ed3,-1,0},
  {0x1ed4,0,1}, {0x1ed5,-1,0}, {0x1ed6,0,1}, {0x1ed7,-1,0},
  {0x1ed8,0,1}, {0x1ed9,-1,0}, {0x1eda,0,1}, {0x1edb,-1,0},
  {0x1edc,0,1}, {0x1edd,-1,0}, {0x1ede,0,1}, {0x1edf,-1,0},
  {0x1ee0,0,1}, {0x1ee1,-1,0}, {0x1ee2,0,1}, {0x1ee3,-1,0},
  {0x1ee4,0,1}, {0x1ee5,-1,0}, {0x1ee6,0,1}, {0x1ee7,-1,0},
  {0x1ee8,0,1}, {0x1ee9,-1,0}, {0x1eea,0,1}, {0x1eeb,-1,0},
  {0x1eec,0,1}, {0x1eed,-1,0}, {0x1eee,0,1}, {0x1eef,-1,0},
  {0x1ef0,0,1}, {0x1ef1,-1,0}, {0x1ef2,0,1}, {0x1ef3,-1,0},
  {0x1ef4,0,1}, {0x1ef5,-1,0}, {0x1ef6,0,1}, {0x1ef7,-1,0},
  {0x1ef8,0,1}, {0x1ef9,-1,0}, {0x1efa,0,1}, {0x1efb,-1,0},
  {0x1efc,0,1}, {0x1efd,-1,0}, {0x1efe,0,1}, {0x1eff,-1,0},
  {0x1f00,8,0}, {0x1f01,8,0}, {0x1f02,8,0}, {0x1f03,8,0},
  {0x1f04,8,0}, {0x1f05,8,0}, {0x1f06,8,0}, {0x1f07,8,0},
  {0x1f08,0,-8}, {0x1f09,0,-8}, {0x1f0a,0,-8}, {0x1f0b,0,-8},
  {0x1f0c,0,-8}, {0x1f0d,0,-8}, {0x1f0e,0,-8}, {0x1f0f,0,-8},
  {0x1f10,8,0}, {0x1f11,8,0}, {0x1f12,8,0}, {0x1f13,8,0},
  {0x1f14,8,0}, {0x1f15,8,0}, {0x1f18,0,-8}, {0x1f19,0,-8},
  {0x1f1a,0,-8}, {0x1f1b,0,-8}, {0x1f1c,0,-8}, {0x1f1d,0,-8},
  {0x1f20,8,0}, {0x1f21,8,0}, {0x1f22,8,0}, {0x1f23,8,0},
  {0x1f24,8,0}, {0x1f25,8,0}, {0x1f26,8,0}, {0x1f27,8,0},
  {0x1f28,0,-8}, {0x1f29,0,-8}, {0x1f2a,0,-8}, {0x1f2b,0,-8},
  {0x1f2c,0,-8}, {0x1f2d,0,-8}, {0x1f2e,0,-8}, {0x1f2f,0,-8},
  {0x1f30,8,0}, {0x1f31,8,0}, {0x1f32,8,0}, {0x1f33,8,0},
  {0x1f34,8,0}, {0x1f35,8,0}, {0x1f36,8,0}, {0x1f37,8,0},
  {0x1f38,0,-8}, {0x1f39,0,-8}, {0x1f3a,0,-8}, {0x1f3b,0,-8},
  {0x1f3c,0,-8}, {0x1f3d,0,-8}, {0x1f3e,0,-8}, {0x1f3f,0,-8},
  {0x1f40,8,0}, {0x1f41,8,0}, {0x1f42,8,0}, {0x1f43,8,0},
  {0x1f44,8,0}, {0x1f45,8,0}, {0x1f48,0,-8}, {0x1f49,0,-8},
  {0x1f4a,0,-8}, {0x1f4b,0,-8}, {0x1f4c,0,-8}, {0x1f4d,0,-8},
  {0x1f51,8,0}, {0x1f53,8,0}, {0x1f55,8,0}, {0x1f57,8,0},
  {0x1f59,0,-8}, {0x1f5b,0,-8}, {0x1f5d,0,-8}, {0x1f5f,0,-8},
  {0x1f60,8,0}, {0x1f61,8,0}, {0x1f62,8,0}, {0x1f63,8,0},
  {0x1f64,8,0}, {0x1f65,8,0}, {0x1f66,8,0}, {0x1f67,8,0},
  {0x1f68,0,-8}, {0x1f69,0,-8}, {0x1f6a,0,-8}, {0x1f6b,0,-8},
  {0x1f6c,0,-8}, {0x1f6d,0,-8}, {0x1f6e,0,-8}, {0x1f6f,0,-8},
  {0x1f70,74,0}, {0x1f71,74,0}, {0x1f72,86,0}, {0x1f73,86,0},
  {0x1f74,86,0}, {0x1f75,86,0}, {0x1f76,100,0}, {0x1f77,100,0},
  {0x1f78,128,0}, {0x1f79,128,0}, {0x1f7a,112,0}, {0x1f7b,112,0},
  {0x1f7c,126,0}, {0x1f7d,126,0}, {0x1f80,8,0}, {0x1f81,8,0},
  {0x1f82,8,0}, {0x1f83,8,0}, {0x1f84,8,0}, {0x1f85,8,0},
  {0x1f86,8,0}, {0x1f87,8,0}, {0x1f88,0,-8}, {0x1f89,0,-8},
  {0x1f8a,0,-8}, {0x1f8b,0,-8}, {0x1f8c,0,-8}, {0x1f8d,0,-8},
  {0x1f8e,0,-8}, {0x1f8f,0,-8}, {0x1f90,8,0}, {0x1f91,8,0},
  {0x1f92,8,0}, {0x1f93,8,0}, {0x1f94,8,0}, {0x1f95,8,0},
  {0x1f96,8,0}, {0x1f97,8,0}, {0x1f98,0,-8}, {0x1f99,0,-8},
  {0x1f9a,0,-8}, {0x1f9b,0,-8}, {0x1f9c,0,-8}, {0x1f9d,0,-8},
  {0x1f9e,0,-8}, {0x1f9f,0,-8}, {0x1fa0,8,0}, {0x1fa1,8,0},
  {0x1fa2,8,0}, {0x1fa3,8,0}, {0x1fa4,8,0}, {0x1fa5,8,0},
  {0x1fa6,8,0}, {0x1fa7,8,0}, {0x1fa8,0,-8}, {0x1fa9,0,-8},
  {0x1faa,0,-8}, {0x1fab,0,-8}, {0x1fac,0,-8}, {0x1fad,0,-8},
  {0x1fae,0,-8}, {0x1faf,0,-8}, {0x1fb0,8,0}, {0x1fb1,8,0},
  {0x1fb3,9,0}, {0x1fb8,0,-8}, {0x1fb9,0,-8}, {0x1fba,0,-74},
  {0x1fbb,0,-74}, {0x1fbc,0,-9}, {0x1fbe,-7205,0}, {0x1fc3,9,0},
  {0x1fc8,0,-86}, {0x1fc9,0,-86}, {0x1fca,0,-86}, {0x1fcb,0,-86},
  {0x1fcc,0,-9}, {0x1fd0,8,0}, {0x1fd1,8,0}, {0x1fd8,0,-8},
  {0x1fd9,0,-8}, {0x1fda,0,-100}, {0x1fdb,0,-100}, {0x1fe0,8,0},
  {0x1fe1,8,0}, {0x1fe5,7,0}, {0x1fe8,0,-8}, {0x1fe9,0,-8},
  {0x1fea,0,-112}, {0x1feb,0,-112}, {0x1fec,0,-7}, {0x1ff3,9,0},
  {0x1ff8,0,-128}, {0x1ff9,0,-128}, {0x1ffa,0,-126}, {0x1ffb,0,-126},
  {0x1ffc,0,-9}, {0x2126,0,-7517}, {0x212a,0,-8383}, {0x212b,0,-8262},
  {0x2132,0,28}, {0x214e,-28,0}, {0x2160,0,16}, {0x2161,0,16},
  {0x2162,0,16}, {0x2163,0,16}, {0x2164,0,16}, {0x2165,0,16},
  {0x2166,0,16}, {0x2167,0,16}, {0x2168,0,16}, {0x2169,0,16},
  {0x216a,0,16}, {0x216b,0,16}, {0x216c,0,16}, {0x216d,0,16},
  {0x216e,0,16}, {0x216f,0,16}, {0x2170,-16,0}, {0x2171,-16,0},
  {0x2172,-16,0}, {0x2173,-16,0}, {0x2174,-16,0}, {0x2175,-16,0},
  {0x2176,-16,0}, {0x2177,-16,0}, {0x2178,-16,0}, {0x2179,-16,0},
  {0x217a,-16,0}, {0x217b,-16,0}, {0x217c,-16,0}, {0x217d,-16,0},
  {0x217e,-16,0}, {0x217f,-16,0}, {0x2183,0,1}, {0x2184,-1,0},
  {0x24b6,0,26}, {0x24b7,0,26}, {0x24b8,0,26}, {0x24b9,0,26},
  {0x24ba,0,26}, {0x24bb,0,26}, {0x24bc,0,26}, {0x24bd,0,26},
  {0x24be,0,26}, {0x24bf,0,26}, {0x24c0,0,26}, {0x24c1,0,26},
  {0x24c2,0,26}, {0x24c3,0,26}, {0x24c4,0,26}, {0x24c5,0,26},
  {0x24c6,0,26}, {0x24c7,0,26}, {0x24c8,0,26}, {0x24c9,0,26},
  {0x24ca,0,26}, {0x24cb,0,26}, {0x24cc,0,26}, {0x24cd,0,26},
  {0x24ce,0,26}, {0x24cf,0,26}, {0x24d0,-26,0}, {0x24d1,-26,0},
  {0x24d2,-26,0}, {0x24d3,-26,0}, {0x24d4,-26,0}, {0x24d5,-26,0},
  {0x24d6,-26,0}, {0x24d7,-26,0}, {0x24d8,-26,0}, {0x24d9,-26,0},
  {0x24da,-26,0}, {0x24db,-26,0}, {0x24dc,-26,0}, {0x24dd,-26,0},
  {0x24de,-26,0}, {0x24df,-26,0}, {0x24e0,-26,0}, {0x24e1,-26,0},
  {0x24e2,-26,0}, {0x24e3,-26,0}, {0x24e4,-26,0}, {0x24e5,-26,0},
  {0x24e6,-26,0}, {0x24e7,-26,0}, {0x24e8,-26,0}, {0x24e9,-26,0},
  {0x2c00,0,48}, {0x2c01,0,48}, {0x2c02,0,48}, {0x2c03,0,48},
  {0x2c04,0,48}, {0x2c05,0,48}, {0x2c06,0,48}, {0x2c07,0,48},
  {0x2c08,0,48}, {0x2c09,0,48}, {0x2c0a,0,48}, {0x2c0b,0,48},
  {0x2c0c,0,48}, {0x2c0d,0,48}, {0x2c0e,0,48}, {0x2c0f,0,48},
  {0x2c10,0,48}, {0x2c11,0,48}, {0x2c12,0,48}, {0x2c13,0,48},
  {0x2c14,0,48}, {0x2c15,0,48}, {0x2c16,0,48}, {0x2c17,0,48},
  {0x2c18,0,48}, {0x2c19,0,48}, {0x2c1a,0,48}, {0x2c1b,0,48},
  {0x2c1c,0,48}, {0x2c1d,0,48}, {0x2c1e,0,48}, {0x2c1f,0,48},
  {0x2c20,0,48}, {0x2c21,0,48}, {0x2c22,0,48}, {0x2c23,0,48},
  {0x2c24,0,48}, {0x2c25,0,48}, {0x2c26,0,48}, {0x2c27,0,48},
  {0x2c28,0,48}, {0x2c29,0,48}, {0x2c2a,0,48}, {0x2c2b,0,48},
  {0x2c2c,0,48}, {0x2c2d,0,48}, {0x2c2e,0,48}, {0x2c2f,0,48},
  {0x2c30,-48,0}, {0x2c31,-48,0}, {0x2c32,-48,0}, {0x2c33,-48,0},
  {0x2c34,-48,0}, {0x2c35,-48,0}, {0x2c36,-48,0}, {0x2c37,-48,0},
  {0x2c38,-48,0}, {0x2c39,-48,0}, {0x2c3a,-48,0}, {0x2c3b,-48,0},
  {0x2c3c,-48,0}, {0x2c3d,-48,0}, {0x2c3e,-48,0}, {0x2c3f,-48,0},
  {0x2c40,-48,0}, {0x2c41,-48,0}, {0x2c42,-48,0}, {0x2c43,-48,0},
  {0x2c44,-48,0}, {0x2c45,-48,0}, {0x2c46,-48,0}, {0x2c47,-48,0},
  {0x2c48,-48,0}, {0x2c49,-48,0}, {0x2c4a,-48,0}, {0x2c4b,-48,0},
  {0x2c4c,-48,0}, {0x2c4d,-48,0}, {0x2c4e,-48,0}, {0x2c4f,-48,0},
  {0x2c50,-48,0}, {0x2c51,-48,0}, {0x2c52,-48,0}, {0x2c53,-48,0},
  {0x2c54,-48,0}, {0x2c55,-48,0}, {0x2c56,-48,0}, {0x2c57,-48,0},
  {0x2c58,-48,0}, {0x2c59,-48,0}, {0x2c5a,-48,0}, {0x2c5b,-48,0},
  {0x2c5c,-48,0}, {0x2c5d,-48,0}, {0x2c5e,-48,0}, {0x2c5f,-48,0},
  {0x2c60,0,1}, {0x2c61,-1,0}, {0x2c62,0,-10743}, {0x2c63,0,-3814},
  {0x2c64,0,-10727}, {0x2c65,-10795,0}, {0x2c66,-10792,0}, {0x2c67,0,1},
  {0x2c68,-1,0}, {0x2c69,0,1}, {0x2c6a,-1,0}, {0x2c6b,0,1},
  {0x2c6c,-1,0}, {0x2c6d,0,-10780}, {0x2c6e,0,-10749}, {0x2c6f,0,-10783},
  {0x2c70,0,-10782}, {0x2c72,0,1}, {0x2c73,-1,0}, {0x2c75,0,1},
  {0x2c76,-1,0}, {0x2c7e,0,-10815}, {0x2c7f,0,-10815}, {0x2c80,0,1},
  {0x2c81,-1,0}, {0x2c82,0,1}, {0x2c83,-1,0}, {0x2c84,0,1},
  {0x2c85,-1,0}, {0x2c86,0,1}, {0x2c87,-1,0}, {0x2c88,0,1},
  {0x2c89,-1,0}, {0x2c8a,0,1}, {0x2c8b,-1,0}, {0x2c8c,0,1},
  {0x2c8d,-1,0}, {0x2c8e,0,1}, {0x2c8f,-1,0}, {0x2c90,0,1},
  {0x2c91,-1,0}, {0x2c92,0,1}, {0x2c93,-1,0}, {0x2c94,0,1},
  {0x2c95,-1,0}, {0x2c96,0,1}, {0x2c97,-1,0}, {0x2c98,0,1},
  {0x2c99,-1,0}, {0x2c9a,0,1}, {0x2c9b,-1,0}, {0x2c9c,0,1},
  {0x2c9d,-1,0}, {0x2c9e,0,1}, {0x2c9f,-1,0}, {0x2ca0,0,1},
  {0x2ca1,-1,0}, {0x2ca2,0,1}, {0x2ca3,-1,0}, {0x2ca4,0,1},
  {0x2ca5,-1,0}, {0x2ca6,0,1}, {0x2ca7,-1,0}, {0x2ca8,0,1},
  {0x2ca9,-1,0}, {0x2caa,0,1}, {0x2cab,-1,0}, {0x2cac,0,1},
  {0x2cad,-1,0}, {0x2cae,0,1}, {0x2caf,-1,0}, {0x2cb0,0,1},
  {0x2cb1,-1,0}, {0x2cb2,0,1}, {0x2cb3,-1,0}, {0x2cb4,0,1},
  {0x2cb5,-1,0}, {0x2cb6,0,1}, {0x2cb7,-1,0}, {0x2cb8,0,1},
  {0x2cb9,-1,0}, {0x2cba,0,1}, {0x2cbb,-1,0}, {0x2cbc,0,1},
  {0x2cbd,-1,0}, {0x2cbe,0,1}, {0x2cbf,-1,0}, {0x2cc0,0,1},
  {0x2cc1,-1,0}, {0x2cc2,0,1}, {0x2cc3,-1,0}, {0x2cc4,0,1},
  {0x2cc5,-1,0}, {0x2cc6,0,1}, {0x2cc7,-1,0}, {0x2cc8,0,1},
  {0x2cc9,-1,0}, {0x2cca,0,1}, {0x2ccb,-1,0}, {0x2ccc,0,1},
  {0x2ccd,-1,0}, {0x2cce,0,1}, {0x2ccf,-1,0}, {0x2cd0,0,1},
  {0x2cd1,-1,0}, {0x2cd2,0,1}, {0x2cd3,-1,0}, {0x2cd4,0,1},
  {0x2cd5,-1,0}, {0x2cd6,0,1}, {0x2cd7,-1,0}, {0x2cd8,0,1},
  {0x2cd9,-1,0}, {0x2cda,0,1}, {0x2cdb,-1,0}, {0x2cdc,0,1},
  {0x2cdd,-1,0}, {0x2cde,0,1}, {0x2cdf,-1,0}, {0x2ce0,0,1},
  {0x2ce1,-1,0}, {0x2ce2,0,1}, {0x2ce3,-1,0}, {0x2ceb,0,1},
  {0x2cec,-1,0}, {0x2ced,0,1}, {0x2cee,-1,0}, {0x2cf2,0,1},
  {0x2cf3,-1,0}, {0x2d00,-7264,0}, {0x2d01,-7264,0}, {0x2d02,-7264,0},
  {0x2d03,-7264,0}, {0x2d04,-7264,0}, {0x2d05,-7264,0}, {0x2d06,-7264,0},
  {0x2d07,-7264,0}, {0x2d08,-7264,0}, {0x2d09,-7264,0}, {0x2d0a,-7264,0},
  {0x2d0b,-7264,0}, {0x2d0c,-7264,0}, {0x2d0d,-7264,0}, {0x2d0e,-7264,0},
  {0x2d0f,-7264,0}, {0x2d10,-7264,0}, {0x2d11,-7264,0}, {0x2d12,-7264,0},
  {0x2d13,-7264,0}, {0x2d14,-7264,0}, {0x2d15,-7264,0}, {0x2d16,-7264,0},
  {0x2d17,-7264,0}, {0x2d18,-7264,0}, {0x2d19,-7264,0}, {0x2d1a,-7264,0},
  {0x2d1b,-7264,0}, {0x2d1c,-7264,0}, {0x2d1d,-7264,0}, {0x2d1e,-7264,0},
  {0x2d1f,-7264,0}, {0x2d20,-7264,0}, {0x2d21,-7264,0}, {0x2d22,-7264,0},
  {0x2d23,-7264,0}, {0x2d24,-7264,0}, {0x2d25,-7264,0}, {0x2d27,-7264,0},
  {0x2d2d,-7264,0}, {0xa640,0,1}, {0xa641,-1,0}, {0xa642,0,1},
  {0xa643,-1,0}, {0xa644,0,1}, {0xa645,-1,0}, {0xa646,0,1},
  {0xa647,-1,0}, {0xa648,0,1}, {0xa649,-1,0}, {0xa64a,0,1},
  {0xa64b,-1,0}, {0xa64c,0,1}, {0xa64d,-1,0}, {0xa64e,0,1},
  {0xa64f,-1,0}, {0xa650,0,1}, {0xa651,-1,0}, {0xa652,0,1},
  {0xa653,-1,0}, {0xa654,0,1}, {0xa655,-1,0}, {0xa656,0,1},
  {0xa657,-1,0}, {0xa658,0,1}, {0xa659,-1,0}, {0xa65a,0,1},
  {0xa65b,-1,0}, {0xa65c,0,1}, {0xa65d,-1,0}, {0xa65e,0,1},
  {0xa65f,-1,0}, {0xa660,0,1}, {0xa661,-1,0}, {0xa662,0,1},
  {0xa663,-1,0}, {0xa664,0,1}, {0xa665,-1,0}, {0xa666,0,1},
  {0xa667,-1,0}, {0xa668,0,1}, {0xa669,-1,0}, {0xa66a,0,1},
  {0xa66b,-1,0}, {0xa66c,0,1}, {0xa66d,-1,0}, {0xa680,0,1},
  {0xa681,-1,0}, {0xa682,0,1}, {0xa683,-1,0}, {0xa684,0,1},
  {0xa685,-1,0}, {0xa686,0,1}, {0xa687,-1,0}, {0xa688,0,1},
  {0xa689,-1,0}, {0xa68a,0,1}, {0xa68b,-1,0}, {0xa68c,0,1},
  {0xa68d,-1,0}, {0xa68e,0,1}, {0xa68f,-1,0}, {0xa690,0,1},
  {0xa691,-1,0}, {0xa692,0,1}, {0xa693,-1,0}, {0xa694,0,1},
  {0xa695,-1,0}, {0xa696,0,1}, {0xa697,-1,0}, {0xa698,0,1},
  {0xa699,-1,0}, {0xa69a,0,1}, {0xa69b,-1,0}, {0xa722,0,1},
  {0xa723,-1,0}, {0xa724,0,1}, {0xa725,-1,0}, {0xa726,0,1},
  {0xa727,-1,0}, {0xa728,0,1}, {0xa729,-1,0}, {0xa72a,0,1},
  {0xa72b,-1,0}, {0xa72c,0,1}, {0xa72d,-1,0}, {0xa72e,0,1},
  {0xa72f,-1,0}, {0xa732,0,1}, {0xa733,-1,0}, {0xa734,0,1},
  {0xa735,-1,0}, {0xa736,0,1}, {0xa737,-1,0}, {0xa738,0,1},
  {0xa739,-1,0}, {0xa73a,0,1}, {0xa73b,-1,0}, {0xa73c,0,1},
  {0xa73d,-1,0}, {0xa73e,0,1}, {0xa73f,-1,0}, {0xa740,0,1},
  {0xa741,-1,0}, {0xa742,0,1}, {0xa743,-1,0}, {0xa744,0,1},
  {0xa745,-1,0}, {0xa746,0,1}, {0xa747,-1,0}, {0xa748,0,1},
  {0xa749,-1,0}, {0xa74a,0,1}, {0xa74b,-1,0}, {0xa74c,0,1},
  {0xa74d,-1,0}, {0xa74e,0,1}, {0xa74f,-1,0}, {0xa750,0,1},
  {0xa751,-1,0}, {0xa752,0,1}, {0xa753,-1,0}, {0xa754,0,1},
  {0xa755,-1,0}, {0xa756,0,1}, {0xa757,-1,0}, {0xa758,0,1},
  {0xa759,-1,0}, {0xa75a,0,1}, {0xa75b,-1,0}, {0xa75c,0,1},
  {0xa75d,-1,0}, {0xa75e,0,1}, {0xa75f,-1,0}, {0xa760,0,1},
  {0xa761,-1,0}, {0xa762,0,1}, {0xa763,-1,0}, {0xa764,0,1},
  {0xa765,-1,0}, {0xa766,0,1}, {0xa767,-1,0}, {0xa768,0,1},
  {0xa769,-1,0}, {0xa76a,0,1}, {0xa76b,-1,0}, {0xa76c,0,1},
  {0xa76d,-1,0}, {0xa76e,0,1}, {0xa76f,-1,0}, {0xa779,0,1},
  {0xa77a,-1,0}, {0xa77b,0,1}, {0xa77c,-1,0}, {0xa77d,0,-35332},
  {0xa77e,0,1}, {0xa77f,-1,0}, {0xa780,0,1}, {0xa781,-1,0},
  {0xa782,0,1}, {0xa783,-1,0}, {0xa784,0,1}, {0xa785,-1,0},
  {0xa786,0,1}, {0xa787,-1,0}, {0xa78b,0,1}, {0xa78c,-1,0},
  {0xa78d,0,-42280}, {0xa790,0,1}, {0xa791,-1,0}, {0xa792,0,1},
  {0xa793,-1,0}, {0xa794,48,0}, {0xa796,0,1}, {0xa797,-1,0},
  {0xa798,0,1}, {0xa799,-1,0}, {0xa79a,0,1}, {0xa79b,-1,0},
  {0xa79c,0,1}, {0xa79d,-1,0}, {0xa79e,0,1}, {0xa79f,-1,0},
  {0xa7a0,0,1}, {0xa7a1,-1,0}, {0xa7a2,0,1}, {0xa7a3,-1,0},
  {0xa7a4,0,1}, {0xa7a5,-1,0}, {0xa7a6,0,1}, {0xa7a7,-1,0},
  {0xa7a8,0,1}, {0xa7a9,-1,0}, {0xa7aa,0,-42308}, {0xa7ab,0,-42319},
  {0xa7ac,0,-42315}, {0xa7ad,0,-42305}, {0xa7ae,0,-42308}, {0xa7b0,0,-42258},
  {0xa7b1,0,-42282}, {0xa7b2,0,-42261}, {0xa7b3,0,928}, {0xa7b4,0,1},
  {0xa7b5,-1,0}, {0xa7b6,0,1}, {0xa7b7,-1,0}, {0xa7b8,0,1},
  {0xa7b9,-1,0}, {0xa7ba,0,1}, {0xa7bb,-1,0}, {0xa7bc,0,1},
  {0xa7bd,-1,0}, {0xa7be,0,1}, {0xa7bf,-1,0}, {0xa7c0,0,1},
  {0xa7c1,-1,0}, {0xa7c2,0,1}, {0xa7c3,-1,0}, {0xa7c4,0,-48},
  {0xa7c5,0,-42307}, {0xa7c6,0,-35384}, {0xa7c7,0,1}, {0xa7c8,-1,0},
  {0xa7c9,0,1}, {0xa7ca,-1,0}, {0xa7d0,0,1}, {0xa7d1,-1,0},
  {0xa7d6,0,1}, {0xa7d7,-1,0}, {0xa7d8,0,1}, {0xa7d9,-1,0},
  {0xa7f5,0,1}, {0xa7f6,-1,0}, {0xab53,-928,0}, {0xab70,-38864,0},
  {0xab71,-38864,0}, {0xab72,-38864,0}, {0xab73,-38864,0}, {0xab74,-38864,0},
  {0xab75,-38864,0}, {0xab76,-38864,0}, {0xab77,-38864,0}, {0xab78,-38864,0},
  {0xab79,-38864,0}, {0xab7a,-38864,0}, {0xab7b,-38864,0}, {0xab7c,-38864,0},
  {0xab7d,-38864,0}, {0xab7e,-38864,0}, {0xab7f,-38864,0}, {0xab80,-38864,0},
  {0xab81,-38864,0}, {0xab82,-38864,0}, {0xab83,-38864,0}, {0xab84,-38864,0},
  {0xab85,-38864,0}, {0xab86,-38864,0}, {0xab87,-38864,0}, {0xab88,-38864,0},
  {0xab89,-38864,0}, {0xab8a,-38864,0}, {0xab8b,-38864,0}, {0xab8c,-38864,0},
  {0xab8d,-38864,0}, {0xab8e,-38864,0}, {0xab8f,-38864,0}, {0xab90,-38864,0},
  {0xab91,-38864,0}, {0xab92,-38864,0}, {0xab93,-38864,0}, {0xab94,-38864,0},
  {0xab95,-38864,0}, {0xab96,-38864,0}, {0xab97,-38864,0}, {0xab98,-38864,0},
  {0xab99,-38864,0}, {0xab9a,-38864,0}, {0xab9b,-38864,0}, {0xab9c,-38864,0},
  {0xab9d,-38864,0}, {0xab9e,-38864,0}, {0xab9f,-38864,0}, {0xaba0,-38864,0},
  {0xaba1,-38864,0}, {0xaba2,-38864,0}, {0xaba3,-38864,0}, {0xaba4,-38864,0},
  {0xaba5,-38864,0}, {0xaba6,-38864,0}, {0xaba7,-38864,0}, {0xaba8,-38864,0},
  {0xaba9,-38864,0}, {0xabaa,-38864,0}, {0xabab,-38864,0}, {0xabac,-38864,0},
  {0xabad,-38864,0}, {0xabae,-38864,0}, {0xabaf,-38864,0}, {0xabb0,-38864,0},
  {0xabb1,-38864,0}, {0xabb2,-38864,0}, {0xabb3,-38864,0}, {0xabb4,-38864,0},
  {0xabb5,-38864,0}, {0xabb6,-38864,0}, {0xabb7,-38864,0}, {0xabb8,-38864,0},
  {0xabb9,-38864,0}, {0xabba,-38864,0}, {0xabbb,-38864,0}, {0xabbc,-38864,0},
  {0xabbd,-38864,0}, {0xabbe,-38864,0}, {0xabbf,-38864,0}, {0xff21,0,32},
  {0xff22,0,32}, {0xff23,0,32}, {0xff24,0,32}, {0xff25,0,32},
  {0xff26,0,32}, {0xff27,0,32}, {0xff28,0,32}, {0xff29,0,32},
  {0xff2a,0,32}, {0xff2b,0,32}, {0xff2c,0,32}, {0xff2d,0,32},
  {0xff2e,0,32}, {0xff2f,0,32}, {0xff30,0,32}, {0xff31,0,32},
  {0xff32,0,32}, {0xff33,0,32}, {0xff34,0,32}, {0xff35,0,32},
  {0xff36,0,32}, {0xff37,0,32}, {0xff38,0,32}, {0xff39,0,32},
  {0xff3a,0,32}, {0xff41,-32,0}, {0xff42,-32,0}, {0xff43,-32,0},
  {0xff44,-32,0}, {0xff45,-32,0}, {0xff46,-32,0}, {0xff47,-32,0},
  {0xff48,-32,0}, {0xff49,-32,0}, {0xff4a,-32,0}, {0xff4b,-32,0},
  {0xff4c,-32,0}, {0xff4d,-32,0}, {0xff4e,-32,0}, {0xff4f,-32,0},
  {0xff50,-32,0}, {0xff51,-32,0}, {0xff52,-32,0}, {0xff53,-32,0},
  {0xff54,-32,0}, {0xff55,-32,0}, {0xff56,-32,0}, {0xff57,-32,0},
  {0xff58,-32,0}, {0xff59,-32,0}, {0xff5a,-32,0}, {0x10400,0,40},
  {0x10401,0,40}, {0x10402,0,40}, {0x10403,0,40}, {0x10404,0,40},
  {0x10405,0,40}, {0x10406,0,40}, {0x10407,0,40}, {0x10408,0,40},
  {0x10409,0,40}, {0x1040a,0,40}, {0x1040b,0,40}, {0x1040c,0,40},
  {0x1040d,0,40}, {0x1040e,0,40}, {0x1040f,0,40}, {0x10410,0,40},
  {0x10411,0,40}, {0x10412,0,40}, {0x10413,0,40}, {0x10414,0,40},
  {0x10415,0,40}, {0x10416,0,40}, {0x10417,0,40}, {0x10418,0,40},
  {0x10419,0,40}, {0x1041a,0,40}, {0x1041b,0,40}, {0x1041c,0,40},
  {0x1041d,0,40}, {0x1041e,0,40}, {0x1041f,0,40}, {0x10420,0,40},
  {0x10421,0,40}, {0x10422,0,40}, {0x10423,0,40}, {0x10424,0,40},
  {0x10425,0,40}, {0x10426,0,40}, {0x10427,0,40}, {0x10428,-40,0},
  {0x10429,-40,0}, {0x1042a,-40,0}, {0x1042b,-40,0}, {0x1042c,-40,0},
  {0x1042d,-40,0}, {0x1042e,-40,0}, {0x1042f,-40,0}, {0x10430,-40,0},
  {0x10431,-40,0}, {0x10432,-40,0}, {0x10433,-40,0}, {0x10434,-40,0},
  {0x10435,-40,0}, {0x10436,-40,0}, {0x10437,-40,0}, {0x10438,-40,0},
  {0x10439,-40,0}, {0x1043a,-40,0}, {0x1043b,-40,0}, {0x1043c,-40,0},
  {0x1043d,-40,0}, {0x1043e,-40,0}, {0x1043f,-40,0}, {0x10440,-40,0},
  {0x10441,-40,0}, {0x10442,-40,0}, {0x10443,-40,0}, {0x10444,-40,0},
  {0x10445,-40,0}, {0x10446,-40,0}, {0x10447,-40,0}, {0x10448,-40,0},
  {0x10449,-40,0}, {0x1044a,-40,0}, {0x1044b,-40,0}, {0x1044c,-40,0},
  {0x1044d,-40,0}, {0x1044e,-40,0}, {0x1044f,-40,0}, {0x104b0,0,40},
  {0x104b1,0,40}, {0x104b2,0,40}, {0x104b3,0,40}, {0x104b4,0,40},
  {0x104b5,0,40}, {0x104b6,0,40}, {0x104b7,0,40}, {0x104b8,0,40},
  {0x104b9,0,40}, {0x104ba,0,40}, {0x104bb,0,40}, {0x104bc,0,40},
  {0x104bd,0,40}, {0x104be,0,40}, {0x104bf,0,40}, {0x104c0,0,40},
  {0x104c1,0,40}, {0x104c2,0,40}, {0x104c3,0,40}, {0x104c4,0,40},
  {0x104c5,0,40}, {0x104c6,0,40}, {0x104c7,0,40}, {0x104c8,0,40},
  {0x104c9,0,40}, {0x104ca,0,40}, {0x104cb,0,40}, {0x104cc,0,40},
  {0x104cd,0,40}, {0x104ce,0,40}, {0x104cf,0,40}, {0x104d0,0,40},
  {0x104d1,0,40}, {0x104d2,0,40}, {0x104d3,0,40}, {0x104d8,-40,0},
  {0x104d9,-40,0}, {0x104da,-40,0}, {0x104db,-40,0}, {0x104dc,-40,0},
  {0x104dd,-40,0}, {0x104de,-40,0}, {0x104df,-40,0}, {0x104e0,-40,0},
  {0x104e1,-40,0}, {0x104e2,-40,0}, {0x104e3,-40,0}, {0x104e4,-40,0},
  {0x104e5,-40,0}, {0x104e6,-40,0}, {0x104e7,-40,0}, {0x104e8,-40,0},
  {0x104e9,-40,0}, {0x104ea,-40,0}, {0x104eb,-40,0}, {0x104ec,-40,0},
  {0x104ed,-40,0}, {0x104ee,-40,0}, {0x104ef,-40,0}, {0x104f0,-40,0},
  {0x104f1,-40,0}, {0x104f2,-40,0}, {0x104f3,-40,0}, {0x104f4,-40,0},
  {0x104f5,-40,0}, {0x104f6,-40,0}, {0x104f7,-40,0}, {0x104f8,-40,0},
  {0x104f9,-40,0}, {0x104fa,-40,0}, {0x104fb,-40,0}, {0x10570,0,39},
  {0x10571,0,39}, {0x10572,0,39}, {0x10573,0,39}, {0x10574,0,39},
  {0x10575,0,39}, {0x10576,0,39}, {0x10577,0,39}, {0x10578,0,39},
  {0x10579,0,39}, {0x1057a,0,39}, {0x1057c,0,39}, {0x1057d,0,39},
  {0x1057e,0,39}, {0x1057f,0,39}, {0x10580,0,39}, {0x10581,0,39},
  {0x10582,0,39}, {0x10583,0,39}, {0x10584,0,39}, {0x10585,0,39},
  {0x10586,0,39}, {0x10587,0,39}, {0x10588,0,39}, {0x10589,0,39},
  {0x1058a,0,39}, {0x1058c,0,39}, {0x1058d,0,39}, {0x1058e,0,39},
  {0x1058f,0,39}, {0x10590,0,39}, {0x10591,0,39}, {0x10592,0,39},
  {0x10594,0,39}, {0x10595,0,39}, {0x10597,-39,0}, {0x10598,-39,0},
  {0x10599,-39,0}, {0x1059a,-39,0}, {0x1059b,-39,0}, {0x1059c,-39,0},
  {0x1059d,-39,0}, {0x1059e,-39,0}, {0x1059f,-39,0}, {0x105a0,-39,0},
  {0x105a1,-39,0}, {0x105a3,-39,0}, {0x105a4,-39,0}, {0x105a5,-39,0},
  {0x105a6,-39,0}, {0x105a7,-39,0}, {0x105a8,-39,0}, {0x105a9,-39,0},
  {0x105aa,-39,0}, {0x105ab,-39,0}, {0x105ac,-39,0}, {0x105ad,-39,0},
  {0x105ae,-39,0}, {0x105af,-39,0}, {0x105b0,-39,0}, {0x105b1,-39,0},
  {0x105b3,-39,0}, {0x105b4,-39,0}, {0x105b5,-39,0}, {0x105b6,-39,0},
  {0x105b7,-39,0}, {0x105b8,-39,0}, {0x105b9,-39,0}, {0x105bb,-39,0},
  {0x105bc,-39,0}, {0x10c80,0,64}, {0x10c81,0,64}, {0x10c82,0,64},
  {0x10c83,0,64}, {0x10c84,0,64}, {0x10c85,0,64}, {0x10c86,0,64},
  {0x10c87,0,64}, {0x10c88,0,64}, {0x10c89,0,64}, {0x10c8a,0,64},
  {0x10c8b,0,64}, {0x10c8c,0,64}, {0x10c8d,0,64}, {0x10c8e,0,64},
  {0x10c8f,0,64}, {0x10c90,0,64}, {0x10c91,0,64}, {0x10c92,0,64},
  {0x10c93,0,64}, {0x10c94,0,64}, {0x10c95,0,64}, {0x10c96,0,64},
  {0x10c97,0,64}, {0x10c98,0,64}, {0x10c99,0,64}, {0x10c9a,0,64},
  {0x10c9b,0,64}, {0x10c9c,0,64}, {0x10c9d,0,64}, {0x10c9e,0,64},
  {0x10c9f,0,64}, {0x10ca0,0,64}, {0x10ca1,0,64}, {0x10ca2,0,64},
  {0x10ca3,0,64}, {0x10ca4,0,64}, {0x10ca5,0,64}, {0x10ca6,0,64},
  {0x10ca7,0,64}, {0x10ca8,0,64}, {0x10ca9,0,64}, {0x10caa,0,64},
  {0x10cab,0,64}, {0x10cac,0,64}, {0x10cad,0,64}, {0x10cae,0,64},
  {0x10caf,0,64}, {0x10cb0,0,64}, {0x10cb1,0,64}, {0x10cb2,0,64},
  {0x10cc0,-64,0}, {0x10cc1,-64,0}, {0x10cc2,-64,0}, {0x10cc3,-64,0},
  {0x10cc4,-64,0}, {0x10cc5,-64,0}, {0x10cc6,-64,0}, {0x10cc7,-64,0},
  {0x10cc8,-64,0}, {0x10cc9,-64,0}, {0x10cca,-64,0}, {0x10ccb,-64,0},
  {0x10ccc,-64,0}, {0x10ccd,-64,0}, {0x10cce,-64,0}, {0x10ccf,-64,0},
  {0x10cd0,-64,0}, {0x10cd1,-64,0}, {0x10cd2,-64,0}, {0x10cd3,-64,0},
  {0x10cd4,-64,0}, {0x10cd5,-64,0}, {0x10cd6,-64,0}, {0x10cd7,-64,0},
  {0x10cd8,-64,0}, {0x10cd9,-64,0}, {0x10cda,-64,0}, {0x10cdb,-64,0},
  {0x10cdc,-64,0}, {0x10cdd,-64,0}, {0x10cde,-64,0}, {0x10cdf,-64,0},
  {0x10ce0,-64,0}, {0x10ce1,-64,0}, {0x10ce2,-64,0}, {0x10ce3,-64,0},
  {0x10ce4,-64,0}, {0x10ce5,-64,0}, {0x10ce6,-64,0}, {0x10ce7,-64,0},
  {0x10ce8,-64,0}, {0x10ce9,-64,0}, {0x10cea,-64,0}, {0x10ceb,-64,0},
  {0x10cec,-64,0}, {0x10ced,-64,0}, {0x10cee,-64,0}, {0x10cef,-64,0},
  {0x10cf0,-64,0}, {0x10cf1,-64,0}, {0x10cf2,-64,0}, {0x118a0,0,32},
  {0x118a1,0,32}, {0x118a2,0,32}, {0x118a3,0,32}, {0x118a4,0,32},
  {0x118a5,0,32}, {0x118a6,0,32}, {0x118a7,0,32}, {0x118a8,0,32},
  {0x118a9,0,32}, {0x118aa,0,32}, {0x118ab,0,32}, {0x118ac,0,32},
  {0x118ad,0,32}, {0x118ae,0,32}, {0x118af,0,32}, {0x118b0,0,32},
  {0x118b1,0,32}, {0x118b2,0,32}, {0x118b3,0,32}, {0x118b4,0,32},
  {0x118b5,0,32}, {0x118b6,0,32}, {0x118b7,0,32}, {0x118b8,0,32},
  {0x118b9,0,32}, {0x118ba,0,32}, {0x118bb,0,32}, {0x118bc,0,32},
  {0x118bd,0,32}, {0x118be,0,32}, {0x118bf,0,32}, {0x118c0,-32,0},
  {0x118c1,-32,0}, {0x118c2,-32,0}, {0x118c3,-32,0}, {0x118c4,-32,0},
  {0x118c5,-32,0}, {0x118c6,-32,0}, {0x118c7,-32,0}, {0x118c8,-32,0},
  {0x118c9,-32,0}, {0x118ca,-32,0}, {0x118cb,-32,0}, {0x118cc,-32,0},
  {0x118cd,-32,0}, {0x118ce,-32,0}, {0x118cf,-32,0}, {0x118d0,-32,0},
  {0x118d1,-32,0}, {0x118d2,-32,0}, {0x118d3,-32,0}, {0x118d4,-32,0},
  {0x118d5,-32,0}, {0x118d6,-32,0}, {0x118d7,-32,0}, {0x118d8,-32,0},
  {0x118d9,-32,0}, {0x118da,-32,0}, {0x118db,-32,0}, {0x118dc,-32,0},
  {0x118dd,-32,0}, {0x118de,-32,0}, {0x118df,-32,0}, {0x16e40,0,32},
  {0x16e41,0,32}, {0x16e42,0,32}, {0x16e43,0,32}, {0x16e44,0,32},
  {0x16e45,0,32}, {0x16e46,0,32}, {0x16e47,0,32}, {0x16e48,0,32},
  {0x16e49,0,32}, {0x16e4a,0,32}, {0x16e4b,0,32}, {0x16e4c,0,32},
  {0x16e4d,0,32}, {0x16e4e,0,32}, {0x16e4f,0,32}, {0x16e50,0,32},
  {0x16e51,0,32}, {0x16e52,0,32}, {0x16e53,0,32}, {0x16e54,0,32},
  {0x16e55,0,32}, {0x16e56,0,32}, {0x16e57,0,32}, {0x16e58,0,32},
  {0x16e59,0,32}, {0x16e5a,0,32}, {0x16e5b,0,32}, {0x16e5c,0,32},
  {0x16e5d,0,32}, {0x16e5e,0,32}, {0x16e5f,0,32}, {0x16e60,-32,0},
  {0x16e61,-32,0}, {0x16e62,-32,0}, {0x16e63,-32,0}, {0x16e64,-32,0},
  {0x16e65,-32,0}, {0x16e66,-32,0}, {0x16e67,-32,0}, {0x16e68,-32,0},
  {0x16e69,-32,0}, {0x16e6a,-32,0}, {0x16e6b,-32,0}, {0x16e6c,-32,0},
  {0x16e6d,-32,0}, {0x16e6e,-32,0}, {0x16e6f,-32,0}, {0x16e70,-32,0},
  {0x16e71,-32,0}, {0x16e72,-32,0}, {0x16e73,-32,0}, {0x16e74,-32,0},
  {0x16e75,-32,0}, {0x16e76,-32,0}, {0x16e77,-32,0}, {0x16e78,-32,0},
  {0x16e79,-32,0}, {0x16e7a,-32,0}, {0x16e7b,-32,0}, {0x16e7c,-32,0},
  {0x16e7d,-32,0}, {0x16e7e,-32,0}, {0x16e7f,-32,0}, {0x1e900,0,34},
  {0x1e901,0,34}, {0x1e902,0,34}, {0x1e903,0,34}, {0x1e904,0,34},
  {0x1e905,0,34}, {0x1e906,0,34}, {0x1e907,0,34}, {0x1e908,0,34},
  {0x1e909,0,34}, {0x1e90a,0,34}, {0x1e90b,0,34}, {0x1e90c,0,34},
  {0x1e90d,0,34}, {0x1e90e,0,34}, {0x1e90f,0,34}, {0x1e910,0,34},
  {0x1e911,0,34}, {0x1e912,0,34}, {0x1e913,0,34}, {0x1e914,0,34},
  {0x1e915,0,34}, {0x1e916,0,34}, {0x1e917,0,34}, {0x1e918,0,34},
  {0x1e919,0,34}, {0x1e91a,0,34}, {0x1e91b,0,34}, {0x1e91c,0,34},
  {0x1e91d,0,34}, {0x1e91e,0,34}, {0x1e91f,0,34}, {0x1e920,0,34},
  {0x1e921,0,34}, {0x1e922,-34,0}, {0x1e923,-34,0}, {0x1e924,-34,0},
  {0x1e925,-34,0}, {0x1e926,-34,0}, {0x1e927,-34,0}, {0x1e928,-34,0},
  {0x1e929,-34,0}, {0x1e92a,-34,0}, {0x1e92b,-34,0}, {0x1e92c,-34,0},
  {0x1e92d,-34,0}, {0x1e92e,-34,0}, {0x1e92f,-34,0}, {0x1e930,-34,0},
  {0x1e931,-34,0}, {0x1e932,-34,0}, {0x1e933,-34,0}, {0x1e934,-34,0},
  {0x1e935,-34,0}, {0x1e936,-34,0}, {0x1e937,-34,0}, {0x1e938,-34,0},
  {0x1e939,-34,0}, {0x1e93a,-34,0}, {0x1e93b,-34,0}, {0x1e93c,-34,0},
  {0x1e93d,-34,0}, {0x1e93e,-34,0}, {0x1e93f,-34,0}, {0x1e940,-34,0},
  {0x1e941,-34,0}, {0x1e942,-34,0}, {0x1e943,-34,0},
};
static const uni_decomp_t uni_decomp[UNI_NDECOMP] = {
  {0xc0,2,{0x41,0x300,0x0}}, {0xc1,2,{0x41,0x301,0x0}}, {0xc2,2,{0x41,0x302,0x0}},
  {0xc3,2,{0x41,0x303,0x0}}, {0xc4,2,{0x41,0x308,0x0}}, {0xc5,2,{0x41,0x30a,0x0}},
  {0xc7,2,{0x43,0x327,0x0}}, {0xc8,2,{0x45,0x300,0x0}}, {0xc9,2,{0x45,0x301,0x0}},
  {0xca,2,{0x45,0x302,0x0}}, {0xcb,2,{0x45,0x308,0x0}}, {0xcc,2,{0x49,0x300,0x0}},
  {0xcd,2,{0x49,0x301,0x0}}, {0xce,2,{0x49,0x302,0x0}}, {0xcf,2,{0x49,0x308,0x0}},
  {0xd1,2,{0x4e,0x303,0x0}}, {0xd2,2,{0x4f,0x300,0x0}}, {0xd3,2,{0x4f,0x301,0x0}},
  {0xd4,2,{0x4f,0x302,0x0}}, {0xd5,2,{0x4f,0x303,0x0}}, {0xd6,2,{0x4f,0x308,0x0}},
  {0xd9,2,{0x55,0x300,0x0}}, {0xda,2,{0x55,0x301,0x0}}, {0xdb,2,{0x55,0x302,0x0}},
  {0xdc,2,{0x55,0x308,0x0}}, {0xdd,2,{0x59,0x301,0x0}}, {0xe0,2,{0x61,0x300,0x0}},
  {0xe1,2,{0x61,0x301,0x0}}, {0xe2,2,{0x61,0x302,0x0}}, {0xe3,2,{0x61,0x303,0x0}},
  {0xe4,2,{0x61,0x308,0x0}}, {0xe5,2,{0x61,0x30a,0x0}}, {0xe7,2,{0x63,0x327,0x0}},
  {0xe8,2,{0x65,0x300,0x0}}, {0xe9,2,{0x65,0x301,0x0}}, {0xea,2,{0x65,0x302,0x0}},
  {0xeb,2,{0x65,0x308,0x0}}, {0xec,2,{0x69,0x300,0x0}}, {0xed,2,{0x69,0x301,0x0}},
  {0xee,2,{0x69,0x302,0x0}}, {0xef,2,{0x69,0x308,0x0}}, {0xf1,2,{0x6e,0x303,0x0}},
  {0xf2,2,{0x6f,0x300,0x0}}, {0xf3,2,{0x6f,0x301,0x0}}, {0xf4,2,{0x6f,0x302,0x0}},
  {0xf5,2,{0x6f,0x303,0x0}}, {0xf6,2,{0x6f,0x308,0x0}}, {0xf9,2,{0x75,0x300,0x0}},
  {0xfa,2,{0x75,0x301,0x0}}, {0xfb,2,{0x75,0x302,0x0}}, {0xfc,2,{0x75,0x308,0x0}},
  {0xfd,2,{0x79,0x301,0x0}}, {0xff,2,{0x79,0x308,0x0}}, {0x100,2,{0x41,0x304,0x0}},
  {0x101,2,{0x61,0x304,0x0}}, {0x102,2,{0x41,0x306,0x0}}, {0x103,2,{0x61,0x306,0x0}},
  {0x104,2,{0x41,0x328,0x0}}, {0x105,2,{0x61,0x328,0x0}}, {0x106,2,{0x43,0x301,0x0}},
  {0x107,2,{0x63,0x301,0x0}}, {0x108,2,{0x43,0x302,0x0}}, {0x109,2,{0x63,0x302,0x0}},
  {0x10a,2,{0x43,0x307,0x0}}, {0x10b,2,{0x63,0x307,0x0}}, {0x10c,2,{0x43,0x30c,0x0}},
  {0x10d,2,{0x63,0x30c,0x0}}, {0x10e,2,{0x44,0x30c,0x0}}, {0x10f,2,{0x64,0x30c,0x0}},
  {0x112,2,{0x45,0x304,0x0}}, {0x113,2,{0x65,0x304,0x0}}, {0x114,2,{0x45,0x306,0x0}},
  {0x115,2,{0x65,0x306,0x0}}, {0x116,2,{0x45,0x307,0x0}}, {0x117,2,{0x65,0x307,0x0}},
  {0x118,2,{0x45,0x328,0x0}}, {0x119,2,{0x65,0x328,0x0}}, {0x11a,2,{0x45,0x30c,0x0}},
  {0x11b,2,{0x65,0x30c,0x0}}, {0x11c,2,{0x47,0x302,0x0}}, {0x11d,2,{0x67,0x302,0x0}},
  {0x11e,2,{0x47,0x306,0x0}}, {0x11f,2,{0x67,0x306,0x0}}, {0x120,2,{0x47,0x307,0x0}},
  {0x121,2,{0x67,0x307,0x0}}, {0x122,2,{0x47,0x327,0x0}}, {0x123,2,{0x67,0x327,0x0}},
  {0x124,2,{0x48,0x302,0x0}}, {0x125,2,{0x68,0x302,0x0}}, {0x128,2,{0x49,0x303,0x0}},
  {0x129,2,{0x69,0x303,0x0}}, {0x12a,2,{0x49,0x304,0x0}}, {0x12b,2,{0x69,0x304,0x0}},
  {0x12c,2,{0x49,0x306,0x0}}, {0x12d,2,{0x69,0x306,0x0}}, {0x12e,2,{0x49,0x328,0x0}},
  {0x12f,2,{0x69,0x328,0x0}}, {0x130,2,{0x49,0x307,0x0}}, {0x134,2,{0x4a,0x302,0x0}},
  {0x135,2,{0x6a,0x302,0x0}}, {0x136,2,{0x4b,0x327,0x0}}, {0x137,2,{0x6b,0x327,0x0}},
  {0x139,2,{0x4c,0x301,0x0}}, {0x13a,2,{0x6c,0x301,0x0}}, {0x13b,2,{0x4c,0x327,0x0}},
  {0x13c,2,{0x6c,0x327,0x0}}, {0x13d,2,{0x4c,0x30c,0x0}}, {0x13e,2,{0x6c,0x30c,0x0}},
  {0x143,2,{0x4e,0x301,0x0}}, {0x144,2,{0x6e,0x301,0x0}}, {0x145,2,{0x4e,0x327,0x0}},
  {0x146,2,{0x6e,0x327,0x0}}, {0x147,2,{0x4e,0x30c,0x0}}, {0x148,2,{0x6e,0x30c,0x0}},
  {0x14c,2,{0x4f,0x304,0x0}}, {0x14d,2,{0x6f,0x304,0x0}}, {0x14e,2,{0x4f,0x306,0x0}},
  {0x14f,2,{0x6f,0x306,0x0}}, {0x150,2,{0x4f,0x30b,0x0}}, {0x151,2,{0x6f,0x30b,0x0}},
  {0x154,2,{0x52,0x301,0x0}}, {0x155,2,{0x72,0x301,0x0}}, {0x156,2,{0x52,0x327,0x0}},
  {0x157,2,{0x72,0x327,0x0}}, {0x158,2,{0x52,0x30c,0x0}}, {0x159,2,{0x72,0x30c,0x0}},
  {0x15a,2,{0x53,0x301,0x0}}, {0x15b,2,{0x73,0x301,0x0}}, {0x15c,2,{0x53,0x302,0x0}},
  {0x15d,2,{0x73,0x302,0x0}}, {0x15e,2,{0x53,0x327,0x0}}, {0x15f,2,{0x73,0x327,0x0}},
  {0x160,2,{0x53,0x30c,0x0}}, {0x161,2,{0x73,0x30c,0x0}}, {0x162,2,{0x54,0x327,0x0}},
  {0x163,2,{0x74,0x327,0x0}}, {0x164,2,{0x54,0x30c,0x0}}, {0x165,2,{0x74,0x30c,0x0}},
  {0x168,2,{0x55,0x303,0x0}}, {0x169,2,{0x75,0x303,0x0}}, {0x16a,2,{0x55,0x304,0x0}},
  {0x16b,2,{0x75,0x304,0x0}}, {0x16c,2,{0x55,0x306,0x0}}, {0x16d,2,{0x75,0x306,0x0}},
  {0x16e,2,{0x55,0x30a,0x0}}, {0x16f,2,{0x75,0x30a,0x0}}, {0x170,2,{0x55,0x30b,0x0}},
  {0x171,2,{0x75,0x30b,0x0}}, {0x172,2,{0x55,0x328,0x0}}, {0x173,2,{0x75,0x328,0x0}},
  {0x174,2,{0x57,0x302,0x0}}, {0x175,2,{0x77,0x302,0x0}}, {0x176,2,{0x59,0x302,0x0}},
  {0x177,2,{0x79,0x302,0x0}}, {0x178,2,{0x59,0x308,0x0}}, {0x179,2,{0x5a,0x301,0x0}},
  {0x17a,2,{0x7a,0x301,0x0}}, {0x17b,2,{0x5a,0x307,0x0}}, {0x17c,2,{0x7a,0x307,0x0}},
  {0x17d,2,{0x5a,0x30c,0x0}}, {0x17e,2,{0x7a,0x30c,0x0}}, {0x1a0,2,{0x4f,0x31b,0x0}},
  {0x1a1,2,{0x6f,0x31b,0x0}}, {0x1af,2,{0x55,0x31b,0x0}}, {0x1b0,2,{0x75,0x31b,0x0}},
  {0x1cd,2,{0x41,0x30c,0x0}}, {0x1ce,2,{0x61,0x30c,0x0}}, {0x1cf,2,{0x49,0x30c,0x0}},
  {0x1d0,2,{0x69,0x30c,0x0}}, {0x1d1,2,{0x4f,0x30c,0x0}}, {0x1d2,2,{0x6f,0x30c,0x0}},
  {0x1d3,2,{0x55,0x30c,0x0}}, {0x1d4,2,{0x75,0x30c,0x0}}, {0x1d5,3,{0x55,0x308,0x304}},
  {0x1d6,3,{0x75,0x308,0x304}}, {0x1d7,3,{0x55,0x308,0x301}}, {0x1d8,3,{0x75,0x308,0x301}},
  {0x1d9,3,{0x55,0x308,0x30c}}, {0x1da,3,{0x75,0x308,0x30c}}, {0x1db,3,{0x55,0x308,0x300}},
  {0x1dc,3,{0x75,0x308,0x300}}, {0x1de,3,{0x41,0x308,0x304}}, {0x1df,3,{0x61,0x308,0x304}},
  {0x1e0,3,{0x41,0x307,0x304}}, {0x1e1,3,{0x61,0x307,0x304}}, {0x1e2,2,{0xc6,0x304,0x0}},
  {0x1e3,2,{0xe6,0x304,0x0}}, {0x1e6,2,{0x47,0x30c,0x0}}, {0x1e7,2,{0x67,0x30c,0x0}},
  {0x1e8,2,{0x4b,0x30c,0x0}}, {0x1e9,2,{0x6b,0x30c,0x0}}, {0x1ea,2,{0x4f,0x328,0x0}},
  {0x1eb,2,{0x6f,0x328,0x0}}, {0x1ec,3,{0x4f,0x328,0x304}}, {0x1ed,3,{0x6f,0x328,0x304}},
  {0x1ee,2,{0x1b7,0x30c,0x0}}, {0x1ef,2,{0x292,0x30c,0x0}}, {0x1f0,2,{0x6a,0x30c,0x0}},
  {0x1f4,2,{0x47,0x301,0x0}}, {0x1f5,2,{0x67,0x301,0x0}}, {0x1f8,2,{0x4e,0x300,0x0}},
  {0x1f9,2,{0x6e,0x300,0x0}}, {0x1fa,3,{0x41,0x30a,0x301}}, {0x1fb,3,{0x61,0x30a,0x301}},
  {0x1fc,2,{0xc6,0x301,0x0}}, {0x1fd,2,{0xe6,0x301,0x0}}, {0x1fe,2,{0xd8,0x301,0x0}},
  {0x1ff,2,{0xf8,0x301,0x0}}, {0x200,2,{0x41,0x30f,0x0}}, {0x201,2,{0x61,0x30f,0x0}},
  {0x202,2,{0x41,0x311,0x0}}, {0x203,2,{0x61,0x311,0x0}}, {0x204,2,{0x45,0x30f,0x0}},
  {0x205,2,{0x65,0x30f,0x0}}, {0x206,2,{0x45,0x311,0x0}}, {0x207,2,{0x65,0x311,0x0}},
  {0x208,2,{0x49,0x30f,0x0}}, {0x209,2,{0x69,0x30f,0x0}}, {0x20a,2,{0x49,0x311,0x0}},
  {0x20b,2,{0x69,0x311,0x0}}, {0x20c,2,{0x4f,0x30f,0x0}}, {0x20d,2,{0x6f,0x30f,0x0}},
  {0x20e,2,{0x4f,0x311,0x0}}, {0x20f,2,{0x6f,0x311,0x0}}, {0x210,2,{0x52,0x30f,0x0}},
  {0x211,2,{0x72,0x30f,0x0}}, {0x212,2,{0x52,0x311,0x0}}, {0x213,2,{0x72,0x311,0x0}},
  {0x214,2,{0x55,0x30f,0x0}}, {0x215,2,{0x75,0x30f,0x0}}, {0x216,2,{0x55,0x311,0x0}},
  {0x217,2,{0x75,0x311,0x0}}, {0x218,2,{0x53,0x326,0x0}}, {0x219,2,{0x73,0x326,0x0}},
  {0x21a,2,{0x54,0x326,0x0}}, {0x21b,2,{0x74,0x326,0x0}}, {0x21e,2,{0x48,0x30c,0x0}},
  {0x21f,2,{0x68,0x30c,0x0}}, {0x226,2,{0x41,0x307,0x0}}, {0x227,2,{0x61,0x307,0x0}},
  {0x228,2,{0x45,0x327,0x0}}, {0x229,2,{0x65,0x327,0x0}}, {0x22a,3,{0x4f,0x308,0x304}},
  {0x22b,3,{0x6f,0x308,0x304}}, {0x22c,3,{0x4f,0x303,0x304}}, {0x22d,3,{0x6f,0x303,0x304}},
  {0x22e,2,{0x4f,0x307,0x0}}, {0x22f,2,{0x6f,0x307,0x0}}, {0x230,3,{0x4f,0x307,0x304}},
  {0x231,3,{0x6f,0x307,0x304}}, {0x232,2,{0x59,0x304,0x0}}, {0x233,2,{0x79,0x304,0x0}},
  {0x340,1,{0x300,0x0,0x0}}, {0x341,1,{0x301,0x0,0x0}}, {0x343,1,{0x313,0x0,0x0}},
  {0x344,2,{0x308,0x301,0x0}}, {0x374,1,{0x2b9,0x0,0x0}}, {0x37e,1,{0x3b,0x0,0x0}},
  {0x385,2,{0xa8,0x301,0x0}}, {0x386,2,{0x391,0x301,0x0}}, {0x387,1,{0xb7,0x0,0x0}},
  {0x388,2,{0x395,0x301,0x0}}, {0x389,2,{0x397,0x301,0x0}}, {0x38a,2,{0x399,0x301,0x0}},
  {0x38c,2,{0x39f,0x301,0x0}}, {0x38e,2,{0x3a5,0x301,0x0}}, {0x38f,2,{0x3a9,0x301,0x0}},
  {0x390,3,{0x3b9,0x308,0x301}}, {0x3aa,2,{0x399,0x308,0x0}}, {0x3ab,2,{0x3a5,0x308,0x0}},
  {0x3ac,2,{0x3b1,0x301,0x0}}, {0x3ad,2,{0x3b5,0x301,0x0}}, {0x3ae,2,{0x3b7,0x301,0x0}},
  {0x3af,2,{0x3b9,0x301,0x0}}, {0x3b0,3,{0x3c5,0x308,0x301}}, {0x3ca,2,{0x3b9,0x308,0x0}},
  {0x3cb,2,{0x3c5,0x308,0x0}}, {0x3cc,2,{0x3bf,0x301,0x0}}, {0x3cd,2,{0x3c5,0x301,0x0}},
  {0x3ce,2,{0x3c9,0x301,0x0}}, {0x3d3,2,{0x3d2,0x301,0x0}}, {0x3d4,2,{0x3d2,0x308,0x0}},
  {0x400,2,{0x415,0x300,0x0}}, {0x401,2,{0x415,0x308,0x0}}, {0x403,2,{0x413,0x301,0x0}},
  {0x407,2,{0x406,0x308,0x0}}, {0x40c,2,{0x41a,0x301,0x0}}, {0x40d,2,{0x418,0x300,0x0}},
  {0x40e,2,{0x423,0x306,0x0}}, {0x419,2,{0x418,0x306,0x0}}, {0x439,2,{0x438,0x306,0x0}},
  {0x450,2,{0x435,0x300,0x0}}, {0x451,2,{0x435,0x308,0x0}}, {0x453,2,{0x433,0x301,0x0}},
  {0x457,2,{0x456,0x308,0x0}}, {0x45c,2,{0x43a,0x301,0x0}}, {0x45d,2,{0x438,0x300,0x0}},
  {0x45e,2,{0x443,0x306,0x0}}, {0x476,2,{0x474,0x30f,0x0}}, {0x477,2,{0x475,0x30f,0x0}},
  {0x4c1,2,{0x416,0x306,0x0}}, {0x4c2,2,{0x436,0x306,0x0}}, {0x4d0,2,{0x410,0x306,0x0}},
  {0x4d1,2,{0x430,0x306,0x0}}, {0x4d2,2,{0x410,0x308,0x0}}, {0x4d3,2,{0x430,0x308,0x0}},
  {0x4d6,2,{0x415,0x306,0x0}}, {0x4d7,2,{0x435,0x306,0x0}}, {0x4da,2,{0x4d8,0x308,0x0}},
  {0x4db,2,{0x4d9,0x308,0x0}}, {0x4dc,2,{0x416,0x308,0x0}}, {0x4dd,2,{0x436,0x308,0x0}},
  {0x4de,2,{0x417,0x308,0x0}}, {0x4df,2,{0x437,0x308,0x0}}, {0x4e2,2,{0x418,0x304,0x0}},
  {0x4e3,2,{0x438,0x304,0x0}}, {0x4e4,2,{0x418,0x308,0x0}}, {0x4e5,2,{0x438,0x308,0x0}},
  {0x4e6,2,{0x41e,0x308,0x0}}, {0x4e7,2,{0x43e,0x308,0x0}}, {0x4ea,2,{0x4e8,0x308,0x0}},
  {0x4eb,2,{0x4e9,0x308,0x0}}, {0x4ec,2,{0x42d,0x308,0x0}}, {0x4ed,2,{0x44d,0x308,0x0}},
  {0x4ee,2,{0x423,0x304,0x0}}, {0x4ef,2,{0x443,0x304,0x0}}, {0x4f0,2,{0x423,0x308,0x0}},
  {0x4f1,2,{0x443,0x308,0x0}}, {0x4f2,2,{0x423,0x30b,0x0}}, {0x4f3,2,{0x443,0x30b,0x0}},
  {0x4f4,2,{0x427,0x308,0x0}}, {0x4f5,2,{0x447,0x308,0x0}}, {0x4f8,2,{0x42b,0x308,0x0}},
  {0x4f9,2,{0x44b,0x308,0x0}}, {0x622,2,{0x627,0x653,0x0}}, {0x623,2,{0x627,0x654,0x0}},
  {0x624,2,{0x648,0x654,0x0}}, {0x625,2,{0x627,0x655,0x0}}, {0x626,2,{0x64a,0x654,0x0}},
  {0x6c0,2,{0x6d5,0x654,0x0}}, {0x6c2,2,{0x6c1,0x654,0x0}}, {0x6d3,2,{0x6d2,0x654,0x0}},
  {0x929,2,{0x928,0x93c,0x0}}, {0x931,2,{0x930,0x93c,0x0}}, {0x934,2,{0x933,0x93c,0x0}},
  {0x958,2,{0x915,0x93c,0x0}}, {0x959,2,{0x916,0x93c,0x0}}, {0x95a,2,{0x917,0x93c,0x0}},
  {0x95b,2,{0x91c,0x93c,0x0}}, {0x95c,2,{0x921,0x93c,0x0}}, {0x95d,2,{0x922,0x93c,0x0}},
  {0x95e,2,{0x92b,0x93c,0x0}}, {0x95f,2,{0x92f,0x93c,0x0}}, {0x9cb,2,{0x9c7,0x9be,0x0}},
  {0x9cc,2,{0x9c7,0x9d7,0x0}}, {0x9dc,2,{0x9a1,0x9bc,0x0}}, {0x9dd,2,{0x9a2,0x9bc,0x0}},
  {0x9df,2,{0x9af,0x9bc,0x0}}, {0xa33,2,{0xa32,0xa3c,0x0}}, {0xa36,2,{0xa38,0xa3c,0x0}},
  {0xa59,2,{0xa16,0xa3c,0x0}}, {0xa5a,2,{0xa17,0xa3c,0x0}}, {0xa5b,2,{0xa1c,0xa3c,0x0}},
  {0xa5e,2,{0xa2b,0xa3c,0x0}}, {0xb48,2,{0xb47,0xb56,0x0}}, {0xb4b,2,{0xb47,0xb3e,0x0}},
  {0xb4c,2,{0xb47,0xb57,0x0}}, {0xb5c,2,{0xb21,0xb3c,0x0}}, {0xb5d,2,{0xb22,0xb3c,0x0}},
  {0xb94,2,{0xb92,0xbd7,0x0}}, {0xbca,2,{0xbc6,0xbbe,0x0}}, {0xbcb,2,{0xbc7,0xbbe,0x0}},
  {0xbcc,2,{0xbc6,0xbd7,0x0}}, {0xc48,2,{0xc46,0xc56,0x0}}, {0xcc0,2,{0xcbf,0xcd5,0x0}},
  {0xcc7,2,{0xcc6,0xcd5,0x0}}, {0xcc8,2,{0xcc6,0xcd6,0x0}}, {0xcca,2,{0xcc6,0xcc2,0x0}},
  {0xccb,3,{0xcc6,0xcc2,0xcd5}}, {0xd4a,2,{0xd46,0xd3e,0x0}}, {0xd4b,2,{0xd47,0xd3e,0x0}},
  {0xd4c,2,{0xd46,0xd57,0x0}}, {0xdda,2,{0xdd9,0xdca,0x0}}, {0xddc,2,{0xdd9,0xdcf,0x0}},
  {0xddd,3,{0xdd9,0xdcf,0xdca}}, {0xdde,2,{0xdd9,0xddf,0x0}}, {0xf43,2,{0xf42,0xfb7,0x0}},
  {0xf4d,2,{0xf4c,0xfb7,0x0}}, {0xf52,2,{0xf51,0xfb7,0x0}}, {0xf57,2,{0xf56,0xfb7,0x0}},
  {0xf5c,2,{0xf5b,0xfb7,0x0}}, {0xf69,2,{0xf40,0xfb5,0x0}}, {0xf73,2,{0xf71,0xf72,0x0}},
  {0xf75,2,{0xf71,0xf74,0x0}}, {0xf76,2,{0xfb2,0xf80,0x0}}, {0xf78,2,{0xfb3,0xf80,0x0}},
  {0xf81,2,{0xf71,0xf80,0x0}}, {0xf93,2,{0xf92,0xfb7,0x0}}, {0xf9d,2,{0xf9c,0xfb7,0x0}},
  {0xfa2,2,{0xfa1,0xfb7,0x0}}, {0xfa7,2,{0xfa6,0xfb7,0x0}}, {0xfac,2,{0xfab,0xfb7,0x0}},
  {0xfb9,2,{0xf90,0xfb5,0x0}}, {0x1026,2,{0x1025,0x102e,0x0}}, {0x1b06,2,{0x1b05,0x1b35,0x0}},
  {0x1b08,2,{0x1b07,0x1b35,0x0}}, {0x1b0a,2,{0x1b09,0x1b35,0x0}}, {0x1b0c,2,{0x1b0b,0x1b35,0x0}},
  {0x1b0e,2,{0x1b0d,0x1b35,0x0}}, {0x1b12,2,{0x1b11,0x1b35,0x0}}, {0x1b3b,2,{0x1b3a,0x1b35,0x0}},
  {0x1b3d,2,{0x1b3c,0x1b35,0x0}}, {0x1b40,2,{0x1b3e,0x1b35,0x0}}, {0x1b41,2,{0x1b3f,0x1b35,0x0}},
  {0x1b43,2,{0x1b42,0x1b35,0x0}}, {0x1e00,2,{0x41,0x325,0x0}}, {0x1e01,2,{0x61,0x325,0x0}},
  {0x1e02,2,{0x42,0x307,0x0}}, {0x1e03,2,{0x62,0x307,0x0}}, {0x1e04,2,{0x42,0x323,0x0}},
  {0x1e05,2,{0x62,0x323,0x0}}, {0x1e06,2,{0x42,0x331,0x0}}, {0x1e07,2,{0x62,0x331,0x0}},
  {0x1e08,3,{0x43,0x327,0x301}}, {0x1e09,3,{0x63,0x327,0x301}}, {0x1e0a,2,{0x44,0x307,0x0}},
  {0x1e0b,2,{0x64,0x307,0x0}}, {0x1e0c,2,{0x44,0x323,0x0}}, {0x1e0d,2,{0x64,0x323,0x0}},
  {0x1e0e,2,{0x44,0x331,0x0}}, {0x1e0f,2,{0x64,0x331,0x0}}, {0x1e10,2,{0x44,0x327,0x0}},
  {0x1e11,2,{0x64,0x327,0x0}}, {0x1e12,2,{0x44,0x32d,0x0}}, {0x1e13,2,{0x64,0x32d,0x0}},
  {0x1e14,3,{0x45,0x304,0x300}}, {0x1e15,3,{0x65,0x304,0x300}}, {0x1e16,3,{0x45,0x304,0x301}},
  {0x1e17,3,{0x65,0x304,0x301}}, {0x1e18,2,{0x45,0x32d,0x0}}, {0x1e19,2,{0x65,0x32d,0x0}},
  {0x1e1a,2,{0x45,0x330,0x0}}, {0x1e1b,2,{0x65,0x330,0x0}}, {0x1e1c,3,{0x45,0x327,0x306}},
  {0x1e1d,3,{0x65,0x327,0x306}}, {0x1e1e,2,{0x46,0x307,0x0}}, {0x1e1f,2,{0x66,0x307,0x0}},
  {0x1e20,2,{0x47,0x304,0x0}}, {0x1e21,2,{0x67,0x304,0x0}}, {0x1e22,2,{0x48,0x307,0x0}},
  {0x1e23,2,{0x68,0x307,0x0}}, {0x1e24,2,{0x48,0x323,0x0}}, {0x1e25,2,{0x68,0x323,0x0}},
  {0x1e26,2,{0x48,0x308,0x0}}, {0x1e27,2,{0x68,0x308,0x0}}, {0x1e28,2,{0x48,0x327,0x0}},
  {0x1e29,2,{0x68,0x327,0x0}}, {0x1e2a,2,{0x48,0x32e,0x0}}, {0x1e2b,2,{0x68,0x32e,0x0}},
  {0x1e2c,2,{0x49,0x330,0x0}}, {0x1e2d,2,{0x69,0x330,0x0}}, {0x1e2e,3,{0x49,0x308,0x301}},
  {0x1e2f,3,{0x69,0x308,0x301}}, {0x1e30,2,{0x4b,0x301,0x0}}, {0x1e31,2,{0x6b,0x301,0x0}},
  {0x1e32,2,{0x4b,0x323,0x0}}, {0x1e33,2,{0x6b,0x323,0x0}}, {0x1e34,2,{0x4b,0x331,0x0}},
  {0x1e35,2,{0x6b,0x331,0x0}}, {0x1e36,2,{0x4c,0x323,0x0}}, {0x1e37,2,{0x6c,0x323,0x0}},
  {0x1e38,3,{0x4c,0x323,0x304}}, {0x1e39,3,{0x6c,0x323,0x304}}, {0x1e3a,2,{0x4c,0x331,0x0}},
  {0x1e3b,2,{0x6c,0x331,0x0}}, {0x1e3c,2,{0x4c,0x32d,0x0}}, {0x1e3d,2,{0x6c,0x32d,0x0}},
  {0x1e3e,2,{0x4d,0x301,0x0}}, {0x1e3f,2,{0x6d,0x301,0x0}}, {0x1e40,2,{0x4d,0x307,0x0}},
  {0x1e41,2,{0x6d,0x307,0x0}}, {0x1e42,2,{0x4d,0x323,0x0}}, {0x1e43,2,{0x6d,0x323,0x0}},
  {0x1e44,2,{0x4e,0x307,0x0}}, {0x1e45,2,{0x6e,0x307,0x0}}, {0x1e46,2,{0x4e,0x323,0x0}},
  {0x1e47,2,{0x6e,0x323,0x0}}, {0x1e48,2,{0x4e,0x331,0x0}}, {0x1e49,2,{0x6e,0x331,0x0}},
  {0x1e4a,2,{0x4e,0x32d,0x0}}, {0x1e4b,2,{0x6e,0x32d,0x0}}, {0x1e4c,3,{0x4f,0x303,0x301}},
  {0x1e4d,3,{0x6f,0x303,0x301}}, {0x1e4e,3,{0x4f,0x303,0x308}}, {0x1e4f,3,{0x6f,0x303,0x308}},
  {0x1e50,3,{0x4f,0x304,0x300}}, {0x1e51,3,{0x6f,0x304,0x300}}, {0x1e52,3,{0x4f,0x304,0x301}},
  {0x1e53,3,{0x6f,0x304,0x301}}, {0x1e54,2,{0x50,0x301,0x0}}, {0x1e55,2,{0x70,0x301,0x0}},
  {0x1e56,2,{0x50,0x307,0x0}}, {0x1e57,2,{0x70,0x307,0x0}}, {0x1e58,2,{0x52,0x307,0x0}},
  {0x1e59,2,{0x72,0x307,0x0}}, {0x1e5a,2,{0x52,0x323,0x0}}, {0x1e5b,2,{0x72,0x323,0x0}},
  {0x1e5c,3,{0x52,0x323,0x304}}, {0x1e5d,3,{0x72,0x323,0x304}}, {0x1e5e,2,{0x52,0x331,0x0}},
  {0x1e5f,2,{0x72,0x331,0x0}}, {0x1e60,2,{0x53,0x307,0x0}}, {0x1e61,2,{0x73,0x307,0x0}},
  {0x1e62,2,{0x53,0x323,0x0}}, {0x1e63,2,{0x73,0x323,0x0}}, {0x1e64,3,{0x53,0x301,0x307}},
  {0x1e65,3,{0x73,0x301,0x307}}, {0x1e66,3,{0x53,0x30c,0x307}}, {0x1e67,3,{0x73,0x30c,0x307}},
  {0x1e68,3,{0x53,0x323,0x307}}, {0x1e69,3,{0x73,0x323,0x307}}, {0x1e6a,2,{0x54,0x307,0x0}},
  {0x1e6b,2,{0x74,0x307,0x0}}, {0x1e6c,2,{0x54,0x323,0x0}}, {0x1e6d,2,{0x74,0x323,0x0}},
  {0x1e6e,2,{0x54,0x331,0x0}}, {0x1e6f,2,{0x74,0x331,0x0}}, {0x1e70,2,{0x54,0x32d,0x0}},
  {0x1e71,2,{0x74,0x32d,0x0}}, {0x1e72,2,{0x55,0x324,0x0}}, {0x1e73,2,{0x75,0x324,0x0}},
  {0x1e74,2,{0x55,0x330,0x0}}, {0x1e75,2,{0x75,0x330,0x0}}, {0x1e76,2,{0x55,0x32d,0x0}},
  {0x1e77,2,{0x75,0x32d,0x0}}, {0x1e78,3,{0x55,0x303,0x301}}, {0x1e79,3,{0x75,0x303,0x301}},
  {0x1e7a,3,{0x55,0x304,0x308}}, {0x1e7b,3,{0x75,0x304,0x308}}, {0x1e7c,2,{0x56,0x303,0x0}},
  {0x1e7d,2,{0x76,0x303,0x0}}, {0x1e7e,2,{0x56,0x323,0x0}}, {0x1e7f,2,{0x76,0x323,0x0}},
  {0x1e80,2,{0x57,0x300,0x0}}, {0x1e81,2,{0x77,0x300,0x0}}, {0x1e82,2,{0x57,0x301,0x0}},
  {0x1e83,2,{0x77,0x301,0x0}}, {0x1e84,2,{0x57,0x308,0x0}}, {0x1e85,2,{0x77,0x308,0x0}},
  {0x1e86,2,{0x57,0x307,0x0}}, {0x1e87,2,{0x77,0x307,0x0}}, {0x1e88,2,{0x57,0x323,0x0}},
  {0x1e89,2,{0x77,0x323,0x0}}, {0x1e8a,2,{0x58,0x307,0x0}}, {0x1e8b,2,{0x78,0x307,0x0}},
  {0x1e8c,2,{0x58,0x308,0x0}}, {0x1e8d,2,{0x78,0x308,0x0}}, {0x1e8e,2,{0x59,0x307,0x0}},
  {0x1e8f,2,{0x79,0x307,0x0}}, {0x1e90,2,{0x5a,0x302,0x0}}, {0x1e91,2,{0x7a,0x302,0x0}},
  {0x1e92,2,{0x5a,0x323,0x0}}, {0x1e93,2,{0x7a,0x323,0x0}}, {0x1e94,2,{0x5a,0x331,0x0}},
  {0x1e95,2,{0x7a,0x331,0x0}}, {0x1e96,2,{0x68,0x331,0x0}}, {0x1e97,2,{0x74,0x308,0x0}},
  {0x1e98,2,{0x77,0x30a,0x0}}, {0x1e99,2,{0x79,0x30a,0x0}}, {0x1e9b,2,{0x17f,0x307,0x0}},
  {0x1ea0,2,{0x41,0x323,0x0}}, {0x1ea1,2,{0x61,0x323,0x0}}, {0x1ea2,2,{0x41,0x309,0x0}},
  {0x1ea3,2,{0x61,0x309,0x0}}, {0x1ea4,3,{0x41,0x302,0x301}}, {0x1ea5,3,{0x61,0x302,0x301}},
  {0x1ea6,3,{0x41,0x302,0x300}}, {0x1ea7,3,{0x61,0x302,0x300}}, {0x1ea8,3,{0x41,0x302,0x309}},
  {0x1ea9,3,{0x61,0x302,0x309}}, {0x1eaa,3,{0x41,0x302,0x303}}, {0x1eab,3,{0x61,0x302,0x303}},
  {0x1eac,3,{0x41,0x323,0x302}}, {0x1ead,3,{0x61,0x323,0x302}}, {0x1eae,3,{0x41,0x306,0x301}},
  {0x1eaf,3,{0x61,0x306,0x301}}, {0x1eb0,3,{0x41,0x306,0x300}}, {0x1eb1,3,{0x61,0x306,0x300}},
  {0x1eb2,3,{0x41,0x306,0x309}}, {0x1eb3,3,{0x61,0x306,0x309}}, {0x1eb4,3,{0x41,0x306,0x303}},
  {0x1eb5,3,{0x61,0x306,0x303}}, {0x1eb6,3,{0x41,0x323,0x306}}, {0x1eb7,3,{0x61,0x323,0x306}},
  {0x1eb8,2,{0x45,0x323,0x0}}, {0x1eb9,2,{0x65,0x323,0x0}}, {0x1eba,2,{0x45,0x309,0x0}},
  {0x1ebb,2,{0x65,0x309,0x0}}, {0x1ebc,2,{0x45,0x303,0x0}}, {0x1ebd,2,{0x65,0x303,0x0}},
  {0x1ebe,3,{0x45,0x302,0x301}}, {0x1ebf,3,{0x65,0x302,0x301}}, {0x1ec0,3,{0x45,0x302,0x300}},
  {0x1ec1,3,{0x65,0x302,0x300}}, {0x1ec2,3,{0x45,0x302,0x309}}, {0x1ec3,3,{0x65,0x302,0x309}},
  {0x1ec4,3,{0x45,0x302,0x303}}, {0x1ec5,3,{0x65,0x302,0x303}}, {0x1ec6,3,{0x45,0x323,0x302}},
  {0x1ec7,3,{0x65,0x323,0x302}}, {0x1ec8,2,{0x49,0x309,0x0}}, {0x1ec9,2,{0x69,0x309,0x0}},
  {0x1eca,2,{0x49,0x323,0x0}}, {0x1ecb,2,{0x69,0x323,0x0}}, {0x1ecc,2,{0x4f,0x323,0x0}},
  {0x1ecd,2,{0x6f,0x323,0x0}}, {0x1ece,2,{0x4f,0x309,0x0}}, {0x1ecf,2,{0x6f,0x309,0x0}},
  {0x1ed0,3,{0x4f,0x302,0x301}}, {0x1ed1,3,{0x6f,0x302,0x301}}, {0x1ed2,3,{0x4f,0x302,0x300}},
  {0x1ed3,3,{0x6f,0x302,0x300}}, {0x1ed4,3,{0x4f,0x302,0x309}}, {0x1ed5,3,{0x6f,0x302,0x309}},
  {0x1ed6,3,{0x4f,0x302,0x303}}, {0x1ed7,3,{0x6f,0x302,0x303}}, {0x1ed8,3,{0x4f,0x323,0x302}},
  {0x1ed9,3,{0x6f,0x323,0x302}}, {0x1eda,3,{0x4f,0x31b,0x301}}, {0x1edb,3,{0x6f,0x31b,0x301}},
  {0x1edc,3,{0x4f,0x31b,0x300}}, {0x1edd,3,{0x6f,0x31b,0x300}}, {0x1ede,3,{0x4f,0x31b,0x309}},
  {0x1edf,3,{0x6f,0x31b,0x309}}, {0x1ee0,3,{0x4f,0x31b,0x303}}, {0x1ee1,3,{0x6f,0x31b,0x303}},
  {0x1ee2,3,{0x4f,0x31b,0x323}}, {0x1ee3,3,{0x6f,0x31b,0x323}}, {0x1ee4,2,{0x55,0x323,0x0}},
  {0x1ee5,2,{0x75,0x323,0x0}}, {0x1ee6,2,{0x55,0x309,0x0}}, {0x1ee7,2,{0x75,0x309,0x0}},
  {0x1ee8,3,{0x55,0x31b,0x301}}, {0x1ee9,3,{0x75,0x31b,0x301}}, {0x1eea,3,{0x55,0x31b,0x300}},
  {0x1eeb,3,{0x75,0x31b,0x300}}, {0x1eec,3,{0x55,0x31b,0x309}}, {0x1eed,3,{0x75,0x31b,0x309}},
  {0x1eee,3,{0x55,0x31b,0x303}}, {0x1eef,3,{0x75,0x31b,0x303}}, {0x1ef0,3,{0x55,0x31b,0x323}},
  {0x1ef1,3,{0x75,0x31b,0x323}}, {0x1ef2,2,{0x59,0x300,0x0}}, {0x1ef3,2,{0x79,0x300,0x0}},
  {0x1ef4,2,{0x59,0x323,0x0}}, {0x1ef5,2,{0x79,0x323,0x0}}, {0x1ef6,2,{0x59,0x309,0x0}},
  {0x1ef7,2,{0x79,0x309,0x0}}, {0x1ef8,2,{0x59,0x303,0x0}}, {0x1ef9,2,{0x79,0x303,0x0}},
  {0x1f00,2,{0x3b1,0x313,0x0}}, {0x1f01,2,{0x3b1,0x314,0x0}}, {0x1f02,3,{0x3b1,0x313,0x300}},
  {0x1f03,3,{0x3b1,0x314,0x300}}, {0x1f04,3,{0x3b1,0x313,0x301}}, {0x1f05,3,{0x3b1,0x314,0x301}},
  {0x1f06,3,{0x3b1,0x313,0x342}}, {0x1f07,3,{0x3b1,0x314,0x342}}, {0x1f08,2,{0x391,0x313,0x0}},
  {0x1f09,2,{0x391,0x314,0x0}}, {0x1f0a,3,{0x391,0x313,0x300}}, {0x1f0b,3,{0x391,0x314,0x300}},
  {0x1f0c,3,{0x391,0x313,0x301}}, {0x1f0d,3,{0x391,0x314,0x301}}, {0x1f0e,3,{0x391,0x313,0x342}},
  {0x1f0f,3,{0x391,0x314,0x342}}, {0x1f10,2,{0x3b5,0x313,0x0}}, {0x1f11,2,{0x3b5,0x314,0x0}},
  {0x1f12,3,{0x3b5,0x313,0x300}}, {0x1f13,3,{0x3b5,0x314,0x300}}, {0x1f14,3,{0x3b5,0x313,0x301}},
  {0x1f15,3,{0x3b5,0x314,0x301}}, {0x1f18,2,{0x395,0x313,0x0}}, {0x1f19,2,{0x395,0x314,0x0}},
  {0x1f1a,3,{0x395,0x313,0x300}}, {0x1f1b,3,{0x395,0x314,0x300}}, {0x1f1c,3,{0x395,0x313,0x301}},
  {0x1f1d,3,{0x395,0x314,0x301}}, {0x1f20,2,{0x3b7,0x313,0x0}}, {0x1f21,2,{0x3b7,0x314,0x0}},
  {0x1f22,3,{0x3b7,0x313,0x300}}, {0x1f23,3,{0x3b7,0x314,0x300}}, {0x1f24,3,{0x3b7,0x313,0x301}},
  {0x1f25,3,{0x3b7,0x314,0x301}}, {0x1f26,3,{0x3b7,0x313,0x342}}, {0x1f27,3,{0x3b7,0x314,0x342}},
  {0x1f28,2,{0x397,0x313,0x0}}, {0x1f29,2,{0x397,0x314,0x0}}, {0x1f2a,3,{0x397,0x313,0x300}},
  {0x1f2b,3,{0x397,0x314,0x300}}, {0x1f2c,3,{0x397,0x313,0x301}}, {0x1f2d,3,{0x397,0x314,0x301}},
  {0x1f2e,3,{0x397,0x313,0x342}}, {0x1f2f,3,{0x397,0x314,0x342}}, {0x1f30,2,{0x3b9,0x313,0x0}},
  {0x1f31,2,{0x3b9,0x314,0x0}}, {0x1f32,3,{0x3b9,0x313,0x300}}, {0x1f33,3,{0x3b9,0x314,0x300}},
  {0x1f34,3,{0x3b9,0x313,0x301}}, {0x1f35,3,{0x3b9,0x314,0x301}}, {0x1f36,3,{0x3b9,0x313,0x342}},
  {0x1f37,3,{0x3b9,0x314,0x342}}, {0x1f38,2,{0x399,0x313,0x0}}, {0x1f39,2,{0x399,0x314,0x0}},
  {0x1f3a,3,{0x399,0x313,0x300}}, {0x1f3b,3,{0x399,0x314,0x300}}, {0x1f3c,3,{0x399,0x313,0x301}},
  {0x1f3d,3,{0x399,0x314,0x301}}, {0x1f3e,3,{0x399,0x313,0x342}}, {0x1f3f,3,{0x399,0x314,0x342}},
  {0x1f40,2,{0x3bf,0x313,0x0}}, {0x1f41,2,{0x3bf,0x314,0x0}}, {0x1f42,3,{0x3bf,0x313,0x300}},
  {0x1f43,3,{0x3bf,0x314,0x300}}, {0x1f44,3,{0x3bf,0x313,0x301}}, {0x1f45,3,{0x3bf,0x314,0x301}},
  {0x1f48,2,{0x39f,0x313,0x0}}, {0x1f49,2,{0x39f,0x314,0x0}}, {0x1f4a,3,{0x39f,0x313,0x300}},
  {0x1f4b,3,{0x39f,0x314,0x300}}, {0x1f4c,3,{0x39f,0x313,0x301}}, {0x1f4d,3,{0x39f,0x314,0x301}},
  {0x1f50,2,{0x3c5,0x313,0x0}}, {0x1f51,2,{0x3c5,0x314,0x0}}, {0x1f52,3,{0x3c5,0x313,0x300}},
  {0x1f53,3,{0x3c5,0x314,0x300}}, {0x1f54,3,{0x3c5,0x313,0x301}}, {0x1f55,3,{0x3c5,0x314,0x301}},
  {0x1f56,3,{0x3c5,0x313,0x342}}, {0x1f57,3,{0x3c5,0x314,0x342}}, {0x1f59,2,{0x3a5,0x314,0x0}},
  {0x1f5b,3,{0x3a5,0x314,0x300}}, {0x1f5d,3,{0x3a5,0x314,0x301}}, {0x1f5f,3,{0x3a5,0x314,0x342}},
  {0x1f60,2,{0x3c9,0x313,0x0}}, {0x1f61,2,{0x3c9,0x314,0x0}}, {0x1f62,3,{0x3c9,0x313,0x300}},
  {0x1f63,3,{0x3c9,0x314,0x300}}, {0x1f64,3,{0x3c9,0x313,0x301}}, {0x1f65,3,{0x3c9,0x314,0x301}},
  {0x1f66,3,{0x3c9,0x313,0x342}}, {0x1f67,3,{0x3c9,0x314,0x342}}, {0x1f68,2,{0x3a9,0x313,0x0}},
  {0x1f69,2,{0x3a9,0x314,0x0}}, {0x1f6a,3,{0x3a9,0x313,0x300}}, {0x1f6b,3,{0x3a9,0x314,0x300}},
  {0x1f6c,3,{0x3a9,0x313,0x301}}, {0x1f6d,3,{0x3a9,0x314,0x301}}, {0x1f6e,3,{0x3a9,0x313,0x342}},
  {0x1f6f,3,{0x3a9,0x314,0x342}}, {0x1f70,2,{0x3b1,0x300,0x0}}, {0x1f71,2,{0x3b1,0x301,0x0}},
  {0x1f72,2,{0x3b5,0x300,0x0}}, {0x1f73,2,{0x3b5,0x301,0x0}}, {0x1f74,2,{0x3b7,0x300,0x0}},
  {0x1f75,2,{0x3b7,0x301,0x0}}, {0x1f76,2,{0x3b9,0x300,0x0}}, {0x1f77,2,{0x3b9,0x301,0x0}},
  {0x1f78,2,{0x3bf,0x300,0x0}}, {0x1f79,2,{0x3bf,0x301,0x0}}, {0x1f7a,2,{0x3c5,0x300,0x0}},
  {0x1f7b,2,{0x3c5,0x301,0x0}}, {0x1f7c,2,{0x3c9,0x300,0x0}}, {0x1f7d,2,{0x3c9,0x301,0x0}},
  {0x1f80,3,{0x3b1,0x313,0x345}}, {0x1f81,3,{0x3b1,0x314,0x345}}, {0x1f88,3,{0x391,0x313,0x345}},
  {0x1f89,3,{0x391,0x314,0x345}}, {0x1f90,3,{0x3b7,0x313,0x345}}, {0x1f91,3,{0x3b7,0x314,0x345}},
  {0x1f98,3,{0x397,0x313,0x345}}, {0x1f99,3,{0x397,0x314,0x345}}, {0x1fa0,3,{0x3c9,0x313,0x345}},
  {0x1fa1,3,{0x3c9,0x314,0x345}}, {0x1fa8,3,{0x3a9,0x313,0x345}}, {0x1fa9,3,{0x3a9,0x314,0x345}},
  {0x1fb0,2,{0x3b1,0x306,0x0}}, {0x1fb1,2,{0x3b1,0x304,0x0}}, {0x1fb2,3,{0x3b1,0x300,0x345}},
  {0x1fb3,2,{0x3b1,0x345,0x0}}, {0x1fb4,3,{0x3b1,0x301,0x345}}, {0x1fb6,2,{0x3b1,0x342,0x0}},
  {0x1fb7,3,{0x3b1,0x342,0x345}}, {0x1fb8,2,{0x391,0x306,0x0}}, {0x1fb9,2,{0x391,0x304,0x0}},
  {0x1fba,2,{0x391,0x300,0x0}}, {0x1fbb,2,{0x391,0x301,0x0}}, {0x1fbc,2,{0x391,0x345,0x0}},
  {0x1fbe,1,{0x3b9,0x0,0x0}}, {0x1fc1,2,{0xa8,0x342,0x0}}, {0x1fc2,3,{0x3b7,0x300,0x345}},
  {0x1fc3,2,{0x3b7,0x345,0x0}}, {0x1fc4,3,{0x3b7,0x301,0x345}}, {0x1fc6,2,{0x3b7,0x342,0x0}},
  {0x1fc7,3,{0x3b7,0x342,0x345}}, {0x1fc8,2,{0x395,0x300,0x0}}, {0x1fc9,2,{0x395,0x301,0x0}},
  {0x1fca,2,{0x397,0x300,0x0}}, {0x1fcb,2,{0x397,0x301,0x0}}, {0x1fcc,2,{0x397,0x345,0x0}},
  {0x1fcd,2,{0x1fbf,0x300,0x0}}, {0x1fce,2,{0x1fbf,0x301,0x0}}, {0x1fcf,2,{0x1fbf,0x342,0x0}},
  {0x1fd0,2,{0x3b9,0x306,0x0}}, {0x1fd1,2,{0x3b9,0x304,0x0}}, {0x1fd2,3,{0x3b9,0x308,0x300}},
  {0x1fd3,3,{0x3b9,0x308,0x301}}, {0x1fd6,2,{0x3b9,0x342,0x0}}, {0x1fd7,3,{0x3b9,0x308,0x342}},
  {0x1fd8,2,{0x399,0x306,0x0}}, {0x1fd9,2,{0x399,0x304,0x0}}, {0x1fda,2,{0x399,0x300,0x0}},
  {0x1fdb,2,{0x399,0x301,0x0}}, {0x1fdd,2,{0x1ffe,0x300,0x0}}, {0x1fde,2,{0x1ffe,0x301,0x0}},
  {0x1fdf,2,{0x1ffe,0x342,0x0}}, {0x1fe0,2,{0x3c5,0x306,0x0}}, {0x1fe1,2,{0x3c5,0x304,0x0}},
  {0x1fe2,3,{0x3c5,0x308,0x300}}, {0x1fe3,3,{0x3c5,0x308,0x301}}, {0x1fe4,2,{0x3c1,0x313,0x0}},
  {0x1fe5,2,{0x3c1,0x314,0x0}}, {0x1fe6,2,{0x3c5,0x342,0x0}}, {0x1fe7,3,{0x3c5,0x308,0x342}},
  {0x1fe8,2,{0x3a5,0x306,0x0}}, {0x1fe9,2,{0x3a5,0x304,0x0}}, {0x1fea,2,{0x3a5,0x300,0x0}},
  {0x1feb,2,{0x3a5,0x301,0x0}}, {0x1fec,2,{0x3a1,0x314,0x0}}, {0x1fed,2,{0xa8,0x300,0x0}},
  {0x1fee,2,{0xa8,0x301,0x0}}, {0x1fef,1,{0x60,0x0,0x0}}, {0x1ff2,3,{0x3c9,0x300,0x345}},
  {0x1ff3,2,{0x3c9,0x345,0x0}}, {0x1ff4,3,{0x3c9,0x301,0x345}}, {0x1ff6,2,{0x3c9,0x342,0x0}},
  {0x1ff7,3,{0x3c9,0x342,0x345}}, {0x1ff8,2,{0x39f,0x300,0x0}}, {0x1ff9,2,{0x39f,0x301,0x0}},
  {0x1ffa,2,{0x3a9,0x300,0x0}}, {0x1ffb,2,{0x3a9,0x301,0x0}}, {0x1ffc,2,{0x3a9,0x345,0x0}},
  {0x1ffd,1,{0xb4,0x0,0x0}}, {0x2000,1,{0x2002,0x0,0x0}}, {0x2001,1,{0x2003,0x0,0x0}},
  {0x2126,1,{0x3a9,0x0,0x0}}, {0x212a,1,{0x4b,0x0,0x0}}, {0x212b,2,{0x41,0x30a,0x0}},
  {0x219a,2,{0x2190,0x338,0x0}}, {0x219b,2,{0x2192,0x338,0x0}}, {0x21ae,2,{0x2194,0x338,0x0}},
  {0x21cd,2,{0x21d0,0x338,0x0}}, {0x21ce,2,{0x21d4,0x338,0x0}}, {0x21cf,2,{0x21d2,0x338,0x0}},
  {0x2204,2,{0x2203,0x338,0x0}}, {0x2209,2,{0x2208,0x338,0x0}}, {0x220c,2,{0x220b,0x338,0x0}},
  {0x2224,2,{0x2223,0x338,0x0}}, {0x2226,2,{0x2225,0x338,0x0}}, {0x2241,2,{0x223c,0x338,0x0}},
  {0x2244,2,{0x2243,0x338,0x0}}, {0x2247,2,{0x2245,0x338,0x0}}, {0x2249,2,{0x2248,0x338,0x0}},
  {0x2260,2,{0x3d,0x338,0x0}}, {0x2262,2,{0x2261,0x338,0x0}}, {0x226d,2,{0x224d,0x338,0x0}},
  {0x226e,2,{0x3c,0x338,0x0}}, {0x226f,2,{0x3e,0x338,0x0}}, {0x2270,2,{0x2264,0x338,0x0}},
  {0x2271,2,{0x2265,0x338,0x0}}, {0x2274,2,{0x2272,0x338,0x0}}, {0x2275,2,{0x2273,0x338,0x0}},
  {0x2278,2,{0x2276,0x338,0x0}}, {0x2279,2,{0x2277,0x338,0x0}}, {0x2280,2,{0x227a,0x338,0x0}},
  {0x2281,2,{0x227b,0x338,0x0}}, {0x2284,2,{0x2282,0x338,0x0}}, {0x2285,2,{0x2283,0x338,0x0}},
  {0x2288,2,{0x2286,0x338,0x0}}, {0x2289,2,{0x2287,0x338,0x0}}, {0x22ac,2,{0x22a2,0x338,0x0}},
  {0x22ad,2,{0x22a8,0x338,0x0}}, {0x22ae,2,{0x22a9,0x338,0x0}}, {0x22af,2,{0x22ab,0x338,0x0}},
  {0x22e0,2,{0x227c,0x338,0x0}}, {0x22e1,2,{0x227d,0x338,0x0}}, {0x22e2,2,{0x2291,0x338,0x0}},
  {0x22e3,2,{0x2292,0x338,0x0}}, {0x22ea,2,{0x22b2,0x338,0x0}}, {0x22eb,2,{0x22b3,0x338,0x0}},
  {0x22ec,2,{0x22b4,0x338,0x0}}, {0x22ed,2,{0x22b5,0x338,0x0}}, {0x2329,1,{0x3008,0x0,0x0}},
  {0x232a,1,{0x3009,0x0,0x0}}, {0x2adc,2,{0x2add,0x338,0x0}}, {0x304c,2,{0x304b,0x3099,0x0}},
  {0x304e,2,{0x304d,0x3099,0x0}}, {0x3050,2,{0x304f,0x3099,0x0}}, {0x3052,2,{0x3051,0x3099,0x0}},
  {0x3054,2,{0x3053,0x3099,0x0}}, {0x3056,2,{0x3055,0x3099,0x0}}, {0x3058,2,{0x3057,0x3099,0x0}},
  {0x305a,2,{0x3059,0x3099,0x0}}, {0x305c,2,{0x305b,0x3099,0x0}}, {0x305e,2,{0x305d,0x3099,0x0}},
  {0x3060,2,{0x305f,0x3099,0x0}}, {0x3062,2,{0x3061,0x3099,0x0}}, {0x3065,2,{0x3064,0x3099,0x0}},
  {0x3067,2,{0x3066,0x3099,0x0}}, {0x3069,2,{0x3068,0x3099,0x0}}, {0x3070,2,{0x306f,0x3099,0x0}},
  {0x3071,2,{0x306f,0x309a,0x0}}, {0x3073,2,{0x3072,0x3099,0x0}}, {0x3074,2,{0x3072,0x309a,0x0}},
  {0x3076,2,{0x3075,0x3099,0x0}}, {0x3077,2,{0x3075,0x309a,0x0}}, {0x3079,2,{0x3078,0x3099,0x0}},
  {0x307a,2,{0x3078,0x309a,0x0}}, {0x307c,2,{0x307b,0x3099,0x0}}, {0x307d,2,{0x307b,0x309a,0x0}},
  {0x3094,2,{0x3046,0x3099,0x0}}, {0x309e,2,{0x309d,0x3099,0x0}}, {0x30ac,2,{0x30ab,0x3099,0x0}},
  {0x30ae,2,{0x30ad,0x3099,0x0}}, {0x30b0,2,{0x30af,0x3099,0x0}}, {0x30b2,2,{0x30b1,0x3099,0x0}},
  {0x30b4,2,{0x30b3,0x3099,0x0}}, {0x30b6,2,{0x30b5,0x3099,0x0}}, {0x30b8,2,{0x30b7,0x3099,0x0}},
  {0x30ba,2,{0x30b9,0x3099,0x0}}, {0x30bc,2,{0x30bb,0x3099,0x0}}, {0x30be,2,{0x30bd,0x3099,0x0}},
  {0x30c0,2,{0x30bf,0x3099,0x0}}, {0x30c2,2,{0x30c1,0x3099,0x0}}, {0x30c5,2,{0x30c4,0x3099,0x0}},
  {0x30c7,2,{0x30c6,0x3099,0x0}}, {0x30c9,2,{0x30c8,0x3099,0x0}}, {0x30d0,2,{0x30cf,0x3099,0x0}},
  {0x30d1,2,{0x30cf,0x309a,0x0}}, {0x30d3,2,{0x30d2,0x3099,0x0}}, {0x30d4,2,{0x30d2,0x309a,0x0}},
  {0x30d6,2,{0x30d5,0x3099,0x0}}, {0x30d7,2,{0x30d5,0x309a,0x0}}, {0x30d9,2,{0x30d8,0x3099,0x0}},
  {0x30da,2,{0x30d8,0x309a,0x0}}, {0x30dc,2,{0x30db,0x3099,0x0}}, {0x30dd,2,{0x30db,0x309a,0x0}},
  {0x30f4,2,{0x30a6,0x3099,0x0}}, {0x30f7,2,{0x30ef,0x3099,0x0}}, {0x30f8,2,{0x30f0,0x3099,0x0}},
  {0x30f9,2,{0x30f1,0x3099,0x0}}, {0x30fa,2,{0x30f2,0x3099,0x0}}, {0x30fe,2,{0x30fd,0x3099,0x0}},
  {0xf900,1,{0x8c48,0x0,0x0}}, {0xf901,1,{0x66f4,0x0,0x0}}, {0xf902,1,{0x8eca,0x0,0x0}},
  {0xf903,1,{0x8cc8,0x0,0x0}}, {0xf904,1,{0x6ed1,0x0,0x0}}, {0xf905,1,{0x4e32,0x0,0x0}},
  {0xf906,1,{0x53e5,0x0,0x0}}, {0xf907,1,{0x9f9c,0x0,0x0}}, {0xf908,1,{0x9f9c,0x0,0x0}},
  {0xf909,1,{0x5951,0x0,0x0}}, {0xf90a,1,{0x91d1,0x0,0x0}}, {0xf90b,1,{0x5587,0x0,0x0}},
  {0xf90c,1,{0x5948,0x0,0x0}}, {0xf90d,1,{0x61f6,0x0,0x0}}, {0xf90e,1,{0x7669,0x0,0x0}},
  {0xf90f,1,{0x7f85,0x0,0x0}}, {0xf910,1,{0x863f,0x0,0x0}}, {0xf911,1,{0x87ba,0x0,0x0}},
  {0xf912,1,{0x88f8,0x0,0x0}}, {0xf913,1,{0x908f,0x0,0x0}}, {0xf914,1,{0x6a02,0x0,0x0}},
  {0xf915,1,{0x6d1b,0x0,0x0}}, {0xf916,1,{0x70d9,0x0,0x0}}, {0xf917,1,{0x73de,0x0,0x0}},
  {0xf918,1,{0x843d,0x0,0x0}}, {0xf919,1,{0x916a,0x0,0x0}}, {0xf91a,1,{0x99f1,0x0,0x0}},
  {0xf91b,1,{0x4e82,0x0,0x0}}, {0xf91c,1,{0x5375,0x0,0x0}}, {0xf91d,1,{0x6b04,0x0,0x0}},
  {0xf91e,1,{0x721b,0x0,0x0}}, {0xf91f,1,{0x862d,0x0,0x0}}, {0xf920,1,{0x9e1e,0x0,0x0}},
  {0xf921,1,{0x5d50,0x0,0x0}}, {0xf922,1,{0x6feb,0x0,0x0}}, {0xf923,1,{0x85cd,0x0,0x0}},
  {0xf924,1,{0x8964,0x0,0x0}}, {0xf925,1,{0x62c9,0x0,0x0}}, {0xf926,1,{0x81d8,0x0,0x0}},
  {0xf927,1,{0x881f,0x0,0x0}}, {0xf928,1,{0x5eca,0x0,0x0}}, {0xf929,1,{0x6717,0x0,0x0}},
  {0xf92a,1,{0x6d6a,0x0,0x0}}, {0xf92b,1,{0x72fc,0x0,0x0}}, {0xf92c,1,{0x90ce,0x0,0x0}},
  {0xf92d,1,{0x4f86,0x0,0x0}}, {0xf92e,1,{0x51b7,0x0,0x0}}, {0xf92f,1,{0x52de,0x0,0x0}},
  {0xf930,1,{0x64c4,0x0,0x0}}, {0xf931,1,{0x6ad3,0x0,0x0}}, {0xf932,1,{0x7210,0x0,0x0}},
  {0xf933,1,{0x76e7,0x0,0x0}}, {0xf934,1,{0x8001,0x0,0x0}}, {0xf935,1,{0x8606,0x0,0x0}},
  {0xf936,1,{0x865c,0x0,0x0}}, {0xf937,1,{0x8def,0x0,0x0}}, {0xf938,1,{0x9732,0x0,0x0}},
  {0xf939,1,{0x9b6f,0x0,0x0}}, {0xf93a,1,{0x9dfa,0x0,0x0}}, {0xf93b,1,{0x788c,0x0,0x0}},
  {0xf93c,1,{0x797f,0x0,0x0}}, {0xf93d,1,{0x7da0,0x0,0x0}}, {0xf93e,1,{0x83c9,0x0,0x0}},
  {0xf93f,1,{0x9304,0x0,0x0}}, {0xf940,1,{0x9e7f,0x0,0x0}}, {0xf941,1,{0x8ad6,0x0,0x0}},
  {0xf942,1,{0x58df,0x0,0x0}}, {0xf943,1,{0x5f04,0x0,0x0}}, {0xf944,1,{0x7c60,0x0,0x0}},
  {0xf945,1,{0x807e,0x0,0x0}}, {0xf946,1,{0x7262,0x0,0x0}}, {0xf947,1,{0x78ca,0x0,0x0}},
  {0xf948,1,{0x8cc2,0x0,0x0}}, {0xf949,1,{0x96f7,0x0,0x0}}, {0xf94a,1,{0x58d8,0x0,0x0}},
  {0xf94b,1,{0x5c62,0x0,0x0}}, {0xf94c,1,{0x6a13,0x0,0x0}}, {0xf94d,1,{0x6dda,0x0,0x0}},
  {0xf94e,1,{0x6f0f,0x0,0x0}}, {0xf94f,1,{0x7d2f,0x0,0x0}}, {0xf950,1,{0x7e37,0x0,0x0}},
  {0xf951,1,{0x964b,0x0,0x0}}, {0xf952,1,{0x52d2,0x0,0x0}}, {0xf953,1,{0x808b,0x0,0x0}},
  {0xf954,1,{0x51dc,0x0,0x0}}, {0xf955,1,{0x51cc,0x0,0x0}}, {0xf956,1,{0x7a1c,0x0,0x0}},
  {0xf957,1,{0x7dbe,0x0,0x0}}, {0xf958,1,{0x83f1,0x0,0x0}}, {0xf959,1,{0x9675,0x0,0x0}},
  {0xf95a,1,{0x8b80,0x0,0x0}}, {0xf95b,1,{0x62cf,0x0,0x0}}, {0xf95c,1,{0x6a02,0x0,0x0}},
  {0xf95d,1,{0x8afe,0x0,0x0}}, {0xf95e,1,{0x4e39,0x0,0x0}}, {0xf95f,1,{0x5be7,0x0,0x0}},
  {0xf960,1,{0x6012,0x0,0x0}}, {0xf961,1,{0x7387,0x0,0x0}}, {0xf962,1,{0x7570,0x0,0x0}},
  {0xf963,1,{0x5317,0x0,0x0}}, {0xf964,1,{0x78fb,0x0,0x0}}, {0xf965,1,{0x4fbf,0x0,0x0}},
  {0xf966,1,{0x5fa9,0x0,0x0}}, {0xf967,1,{0x4e0d,0x0,0x0}}, {0xf968,1,{0x6ccc,0x0,0x0}},
  {0xf969,1,{0x6578,0x0,0x0}}, {0xf96a,1,{0x7d22,0x0,0x0}}, {0xf96b,1,{0x53c3,0x0,0x0}},
  {0xf96c,1,{0x585e,0x0,0x0}}, {0xf96d,1,{0x7701,0x0,0x0}}, {0xf96e,1,{0x8449,0x0,0x0}},
  {0xf96f,1,{0x8aaa,0x0,0x0}}, {0xf970,1,{0x6bba,0x0,0x0}}, {0xf971,1,{0x8fb0,0x0,0x0}},
  {0xf972,1,{0x6c88,0x0,0x0}}, {0xf973,1,{0x62fe,0x0,0x0}}, {0xf974,1,{0x82e5,0x0,0x0}},
  {0xf975,1,{0x63a0,0x0,0x0}}, {0xf976,1,{0x7565,0x0,0x0}}, {0xf977,1,{0x4eae,0x0,0x0}},
  {0xf978,1,{0x5169,0x0,0x0}}, {0xf979,1,{0x51c9,0x0,0x0}}, {0xf97a,1,{0x6881,0x0,0x0}},
  {0xf97b,1,{0x7ce7,0x0,0x0}}, {0xf97c,1,{0x826f,0x0,0x0}}, {0xf97d,1,{0x8ad2,0x0,0x0}},
  {0xf97e,1,{0x91cf,0x0,0x0}}, {0xf97f,1,{0x52f5,0x0,0x0}}, {0xf980,1,{0x5442,0x0,0x0}},
  {0xf981,1,{0x5973,0x0,0x0}}, {0xf982,1,{0x5eec,0x0,0x0}}, {0xf983,1,{0x65c5,0x0,0x0}},
  {0xf984,1,{0x6ffe,0x0,0x0}}, {0xf985,1,{0x792a,0x0,0x0}}, {0xf986,1,{0x95ad,0x0,0x0}},
  {0xf987,1,{0x9a6a,0x0,0x0}}, {0xf988,1,{0x9e97,0x0,0x0}}, {0xf989,1,{0x9ece,0x0,0x0}},
  {0xf98a,1,{0x529b,0x0,0x0}}, {0xf98b,1,{0x66c6,0x0,0x0}}, {0xf98c,1,{0x6b77,0x0,0x0}},
  {0xf98d,1,{0x8f62,0x0,0x0}}, {0xf98e,1,{0x5e74,0x0,0x0}}, {0xf98f,1,{0x6190,0x0,0x0}},
  {0xf990,1,{0x6200,0x0,0x0}}, {0xf991,1,{0x649a,0x0,0x0}}, {0xf992,1,{0x6f23,0x0,0x0}},
  {0xf993,1,{0x7149,0x0,0x0}}, {0xf994,1,{0x7489,0x0,0x0}}, {0xf995,1,{0x79ca,0x0,0x0}},
  {0xf996,1,{0x7df4,0x0,0x0}}, {0xf997,1,{0x806f,0x0,0x0}}, {0xf998,1,{0x8f26,0x0,0x0}},
  {0xf999,1,{0x84ee,0x0,0x0}}, {0xf99a,1,{0x9023,0x0,0x0}}, {0xf99b,1,{0x934a,0x0,0x0}},
  {0xf99c,1,{0x5217,0x0,0x0}}, {0xf99d,1,{0x52a3,0x0,0x0}}, {0xf99e,1,{0x54bd,0x0,0x0}},
  {0xf99f,1,{0x70c8,0x0,0x0}}, {0xf9a0,1,{0x88c2,0x0,0x0}}, {0xf9a1,1,{0x8aaa,0x0,0x0}},
  {0xf9a2,1,{0x5ec9,0x0,0x0}}, {0xf9a3,1,{0x5ff5,0x0,0x0}}, {0xf9a4,1,{0x637b,0x0,0x0}},
  {0xf9a5,1,{0x6bae,0x0,0x0}}, {0xf9a6,1,{0x7c3e,0x0,0x0}}, {0xf9a7,1,{0x7375,0x0,0x0}},
  {0xf9a8,1,{0x4ee4,0x0,0x0}}, {0xf9a9,1,{0x56f9,0x0,0x0}}, {0xf9aa,1,{0x5be7,0x0,0x0}},
  {0xf9ab,1,{0x5dba,0x0,0x0}}, {0xf9ac,1,{0x601c,0x0,0x0}}, {0xf9ad,1,{0x73b2,0x0,0x0}},
  {0xf9ae,1,{0x7469,0x0,0x0}}, {0xf9af,1,{0x7f9a,0x0,0x0}}, {0xf9b0,1,{0x8046,0x0,0x0}},
  {0xf9b1,1,{0x9234,0x0,0x0}}, {0xf9b2,1,{0x96f6,0x0,0x0}}, {0xf9b3,1,{0x9748,0x0,0x0}},
  {0xf9b4,1,{0x9818,0x0,0x0}}, {0xf9b5,1,{0x4f8b,0x0,0x0}}, {0xf9b6,1,{0x79ae,0x0,0x0}},
  {0xf9b7,1,{0x91b4,0x0,0x0}}, {0xf9b8,1,{0x96b8,0x0,0x0}}, {0xf9b9,1,{0x60e1,0x0,0x0}},
  {0xf9ba,1,{0x4e86,0x0,0x0}}, {0xf9bb,1,{0x50da,0x0,0x0}}, {0xf9bc,1,{0x5bee,0x0,0x0}},
  {0xf9bd,1,{0x5c3f,0x0,0x0}}, {0xf9be,1,{0x6599,0x0,0x0}}, {0xf9bf,1,{0x6a02,0x0,0x0}},
  {0xf9c0,1,{0x71ce,0x0,0x0}}, {0xf9c1,1,{0x7642,0x0,0x0}}, {0xf9c2,1,{0x84fc,0x0,0x0}},
  {0xf9c3,1,{0x907c,0x0,0x0}}, {0xf9c4,1,{0x9f8d,0x0,0x0}}, {0xf9c5,1,{0x6688,0x0,0x0}},
  {0xf9c6,1,{0x962e,0x0,0x0}}, {0xf9c7,1,{0x5289,0x0,0x0}}, {0xf9c8,1,{0x677b,0x0,0x0}},
  {0xf9c9,1,{0x67f3,0x0,0x0}}, {0xf9ca,1,{0x6d41,0x0,0x0}}, {0xf9cb,1,{0x6e9c,0x0,0x0}},
  {0xf9cc,1,{0x7409,0x0,0x0}}, {0xf9cd,1,{0x7559,0x0,0x0}}, {0xf9ce,1,{0x786b,0x0,0x0}},
  {0xf9cf,1,{0x7d10,0x0,0x0}}, {0xf9d0,1,{0x985e,0x0,0x0}}, {0xf9d1,1,{0x516d,0x0,0x0}},
  {0xf9d2,1,{0x622e,0x0,0x0}}, {0xf9d3,1,{0x9678,0x0,0x0}}, {0xf9d4,1,{0x502b,0x0,0x0}},
  {0xf9d5,1,{0x5d19,0x0,0x0}}, {0xf9d6,1,{0x6dea,0x0,0x0}}, {0xf9d7,1,{0x8f2a,0x0,0x0}},
  {0xf9d8,1,{0x5f8b,0x0,0x0}}, {0xf9d9,1,{0x6144,0x0,0x0}}, {0xf9da,1,{0x6817,0x0,0x0}},
  {0xf9db,1,{0x7387,0x0,0x0}}, {0xf9dc,1,{0x9686,0x0,0x0}}, {0xf9dd,1,{0x5229,0x0,0x0}},
  {0xf9de,1,{0x540f,0x0,0x0}}, {0xf9df,1,{0x5c65,0x0,0x0}}, {0xf9e0,1,{0x6613,0x0,0x0}},
  {0xf9e1,1,{0x674e,0x0,0x0}}, {0xf9e2,1,{0x68a8,0x0,0x0}}, {0xf9e3,1,{0x6ce5,0x0,0x0}},
  {0xf9e4,1,{0x7406,0x0,0x0}}, {0xf9e5,1,{0x75e2,0x0,0x0}}, {0xf9e6,1,{0x7f79,0x0,0x0}},
  {0xf9e7,1,{0x88cf,0x0,0x0}}, {0xf9e8,1,{0x88e1,0x0,0x0}}, {0xf9e9,1,{0x91cc,0x0,0x0}},
  {0xf9ea,1,{0x96e2,0x0,0x0}}, {0xf9eb,1,{0x533f,0x0,0x0}}, {0xf9ec,1,{0x6eba,0x0,0x0}},
  {0xf9ed,1,{0x541d,0x0,0x0}}, {0xf9ee,1,{0x71d0,0x0,0x0}}, {0xf9ef,1,{0x7498,0x0,0x0}},
  {0xf9f0,1,{0x85fa,0x0,0x0}}, {0xf9f1,1,{0x96a3,0x0,0x0}}, {0xf9f2,1,{0x9c57,0x0,0x0}},
  {0xf9f3,1,{0x9e9f,0x0,0x0}}, {0xf9f4,1,{0x6797,0x0,0x0}}, {0xf9f5,1,{0x6dcb,0x0,0x0}},
  {0xf9f6,1,{0x81e8,0x0,0x0}}, {0xf9f7,1,{0x7acb,0x0,0x0}}, {0xf9f8,1,{0x7b20,0x0,0x0}},
  {0xf9f9,1,{0x7c92,0x0,0x0}}, {0xf9fa,1,{0x72c0,0x0,0x0}}, {0xf9fb,1,{0x7099,0x0,0x0}},
  {0xf9fc,1,{0x8b58,0x0,0x0}}, {0xf9fd,1,{0x4ec0,0x0,0x0}}, {0xf9fe,1,{0x8336,0x0,0x0}},
  {0xf9ff,1,{0x523a,0x0,0x0}}, {0xfa00,1,{0x5207,0x0,0x0}}, {0xfa01,1,{0x5ea6,0x0,0x0}},
  {0xfa02,1,{0x62d3,0x0,0x0}}, {0xfa03,1,{0x7cd6,0x0,0x0}}, {0xfa04,1,{0x5b85,0x0,0x0}},
  {0xfa05,1,{0x6d1e,0x0,0x0}}, {0xfa06,1,{0x66b4,0x0,0x0}}, {0xfa07,1,{0x8f3b,0x0,0x0}},
  {0xfa08,1,{0x884c,0x0,0x0}}, {0xfa09,1,{0x964d,0x0,0x0}}, {0xfa0a,1,{0x898b,0x0,0x0}},
  {0xfa0b,1,{0x5ed3,0x0,0x0}}, {0xfa0c,1,{0x5140,0x0,0x0}}, {0xfa0d,1,{0x55c0,0x0,0x0}},
  {0xfa10,1,{0x585a,0x0,0x0}}, {0xfa12,1,{0x6674,0x0,0x0}}, {0xfa15,1,{0x51de,0x0,0x0}},
  {0xfa16,1,{0x732a,0x0,0x0}}, {0xfa17,1,{0x76ca,0x0,0x0}}, {0xfa18,1,{0x793c,0x0,0x0}},
  {0xfa19,1,{0x795e,0x0,0x0}}, {0xfa1a,1,{0x7965,0x0,0x0}}, {0xfa1b,1,{0x798f,0x0,0x0}},
  {0xfa1c,1,{0x9756,0x0,0x0}}, {0xfa1d,1,{0x7cbe,0x0,0x0}}, {0xfa1e,1,{0x7fbd,0x0,0x0}},
  {0xfa20,1,{0x8612,0x0,0x0}}, {0xfa22,1,{0x8af8,0x0,0x0}}, {0xfa25,1,{0x9038,0x0,0x0}},
  {0xfa26,1,{0x90fd,0x0,0x0}}, {0xfa2a,1,{0x98ef,0x0,0x0}}, {0xfa2b,1,{0x98fc,0x0,0x0}},
  {0xfa2c,1,{0x9928,0x0,0x0}}, {0xfa2d,1,{0x9db4,0x0,0x0}}, {0xfa2e,1,{0x90de,0x0,0x0}},
  {0xfa2f,1,{0x96b7,0x0,0x0}}, {0xfa30,1,{0x4fae,0x0,0x0}}, {0xfa31,1,{0x50e7,0x0,0x0}},
  {0xfa32,1,{0x514d,0x0,0x0}}, {0xfa33,1,{0x52c9,0x0,0x0}}, {0xfa34,1,{0x52e4,0x0,0x0}},
  {0xfa35,1,{0x5351,0x0,0x0}}, {0xfa36,1,{0x559d,0x0,0x0}}, {0xfa37,1,{0x5606,0x0,0x0}},
  {0xfa38,1,{0x5668,0x0,0x0}}, {0xfa39,1,{0x5840,0x0,0x0}}, {0xfa3a,1,{0x58a8,0x0,0x0}},
  {0xfa3b,1,{0x5c64,0x0,0x0}}, {0xfa3c,1,{0x5c6e,0x0,0x0}}, {0xfa3d,1,{0x6094,0x0,0x0}},
  {0xfa3e,1,{0x6168,0x0,0x0}}, {0xfa3f,1,{0x618e,0x0,0x0}}, {0xfa40,1,{0x61f2,0x0,0x0}},
  {0xfa41,1,{0x654f,0x0,0x0}}, {0xfa42,1,{0x65e2,0x0,0x0}}, {0xfa43,1,{0x6691,0x0,0x0}},
  {0xfa44,1,{0x6885,0x0,0x0}}, {0xfa45,1,{0x6d77,0x0,0x0}}, {0xfa46,1,{0x6e1a,0x0,0x0}},
  {0xfa47,1,{0x6f22,0x0,0x0}}, {0xfa48,1,{0x716e,0x0,0x0}}, {0xfa49,1,{0x722b,0x0,0x0}},
  {0xfa4a,1,{0x7422,0x0,0x0}}, {0xfa4b,1,{0x7891,0x0,0x0}}, {0xfa4c,1,{0x793e,0x0,0x0}},
  {0xfa4d,1,{0x7949,0x0,0x0}}, {0xfa4e,1,{0x7948,0x0,0x0}}, {0xfa4f,1,{0x7950,0x0,0x0}},
  {0xfa50,1,{0x7956,0x0,0x0}}, {0xfa51,1,{0x795d,0x0,0x0}}, {0xfa52,1,{0x798d,0x0,0x0}},
  {0xfa53,1,{0x798e,0x0,0x0}}, {0xfa54,1,{0x7a40,0x0,0x0}}, {0xfa55,1,{0x7a81,0x0,0x0}},
  {0xfa56,1,{0x7bc0,0x0,0x0}}, {0xfa57,1,{0x7df4,0x0,0x0}}, {0xfa58,1,{0x7e09,0x0,0x0}},
  {0xfa59,1,{0x7e41,0x0,0x0}}, {0xfa5a,1,{0x7f72,0x0,0x0}}, {0xfa5b,1,{0x8005,0x0,0x0}},
  {0xfa5c,1,{0x81ed,0x0,0x0}}, {0xfa5d,1,{0x8279,0x0,0x0}}, {0xfa5e,1,{0x8279,0x0,0x0}},
  {0xfa5f,1,{0x8457,0x0,0x0}}, {0xfa60,1,{0x8910,0x0,0x0}}, {0xfa61,1,{0x8996,0x0,0x0}},
  {0xfa62,1,{0x8b01,0x0,0x0}}, {0xfa63,1,{0x8b39,0x0,0x0}}, {0xfa64,1,{0x8cd3,0x0,0x0}},
  {0xfa65,1,{0x8d08,0x0,0x0}}, {0xfa66,1,{0x8fb6,0x0,0x0}}, {0xfa67,1,{0x9038,0x0,0x0}},
  {0xfa68,1,{0x96e3,0x0,0x0}}, {0xfa69,1,{0x97ff,0x0,0x0}}, {0xfa6a,1,{0x983b,0x0,0x0}},
  {0xfa6b,1,{0x6075,0x0,0x0}}, {0xfa6d,1,{0x8218,0x0,0x0}}, {0xfa70,1,{0x4e26,0x0,0x0}},
  {0xfa71,1,{0x51b5,0x0,0x0}}, {0xfa72,1,{0x5168,0x0,0x0}}, {0xfa73,1,{0x4f80,0x0,0x0}},
  {0xfa74,1,{0x5145,0x0,0x0}}, {0xfa75,1,{0x5180,0x0,0x0}}, {0xfa76,1,{0x52c7,0x0,0x0}},
  {0xfa77,1,{0x52fa,0x0,0x0}}, {0xfa78,1,{0x559d,0x0,0x0}}, {0xfa79,1,{0x5555,0x0,0x0}},
  {0xfa7a,1,{0x5599,0x0,0x0}}, {0xfa7b,1,{0x55e2,0x0,0x0}}, {0xfa7c,1,{0x585a,0x0,0x0}},
  {0xfa7d,1,{0x58b3,0x0,0x0}}, {0xfa7e,1,{0x5944,0x0,0x0}}, {0xfa7f,1,{0x5954,0x0,0x0}},
  {0xfa80,1,{0x5a62,0x0,0x0}}, {0xfa81,1,{0x5b28,0x0,0x0}}, {0xfa82,1,{0x5ed2,0x0,0x0}},
  {0xfa83,1,{0x5ed9,0x0,0x0}}, {0xfa84,1,{0x5f69,0x0,0x0}}, {0xfa85,1,{0x5fad,0x0,0x0}},
  {0xfa86,1,{0x60d8,0x0,0x0}}, {0xfa87,1,{0x614e,0x0,0x0}}, {0xfa88,1,{0x6108,0x0,0x0}},
  {0xfa89,1,{0x618e,0x0,0x0}}, {0xfa8a,1,{0x6160,0x0,0x0}}, {0xfa8b,1,{0x61f2,0x0,0x0}},
  {0xfa8c,1,{0x6234,0x0,0x0}}, {0xfa8d,1,{0x63c4,0x0,0x0}}, {0xfa8e,1,{0x641c,0x0,0x0}},
  {0xfa8f,1,{0x6452,0x0,0x0}}, {0xfa90,1,{0x6556,0x0,0x0}}, {0xfa91,1,{0x6674,0x0,0x0}},
  {0xfa92,1,{0x6717,0x0,0x0}}, {0xfa93,1,{0x671b,0x0,0x0}}, {0xfa94,1,{0x6756,0x0,0x0}},
  {0xfa95,1,{0x6b79,0x0,0x0}}, {0xfa96,1,{0x6bba,0x0,0x0}}, {0xfa97,1,{0x6d41,0x0,0x0}},
  {0xfa98,1,{0x6edb,0x0,0x0}}, {0xfa99,1,{0x6ecb,0x0,0x0}}, {0xfa9a,1,{0x6f22,0x0,0x0}},
  {0xfa9b,1,{0x701e,0x0,0x0}}, {0xfa9c,1,{0x716e,0x0,0x0}}, {0xfa9d,1,{0x77a7,0x0,0x0}},
  {0xfa9e,1,{0x7235,0x0,0x0}}, {0xfa9f,1,{0x72af,0x0,0x0}}, {0xfaa0,1,{0x732a,0x0,0x0}},
  {0xfaa1,1,{0x7471,0x0,0x0}}, {0xfaa2,1,{0x7506,0x0,0x0}}, {0xfaa3,1,{0x753b,0x0,0x0}},
  {0xfaa4,1,{0x761d,0x0,0x0}}, {0xfaa5,1,{0x761f,0x0,0x0}}, {0xfaa6,1,{0x76ca,0x0,0x0}},
  {0xfaa7,1,{0x76db,0x0,0x0}}, {0xfaa8,1,{0x76f4,0x0,0x0}}, {0xfaa9,1,{0x774a,0x0,0x0}},
  {0xfaaa,1,{0x7740,0x0,0x0}}, {0xfaab,1,{0x78cc,0x0,0x0}}, {0xfaac,1,{0x7ab1,0x0,0x0}},
  {0xfaad,1,{0x7bc0,0x0,0x0}}, {0xfaae,1,{0x7c7b,0x0,0x0}}, {0xfaaf,1,{0x7d5b,0x0,0x0}},
  {0xfab0,1,{0x7df4,0x0,0x0}}, {0xfab1,1,{0x7f3e,0x0,0x0}}, {0xfab2,1,{0x8005,0x0,0x0}},
  {0xfab3,1,{0x8352,0x0,0x0}}, {0xfab4,1,{0x83ef,0x0,0x0}}, {0xfab5,1,{0x8779,0x0,0x0}},
  {0xfab6,1,{0x8941,0x0,0x0}}, {0xfab7,1,{0x8986,0x0,0x0}}, {0xfab8,1,{0x8996,0x0,0x0}},
  {0xfab9,1,{0x8abf,0x0,0x0}}, {0xfaba,1,{0x8af8,0x0,0x0}}, {0xfabb,1,{0x8acb,0x0,0x0}},
  {0xfabc,1,{0x8b01,0x0,0x0}}, {0xfabd,1,{0x8afe,0x0,0x0}}, {0xfabe,1,{0x8aed,0x0,0x0}},
  {0xfabf,1,{0x8b39,0x0,0x0}}, {0xfac0,1,{0x8b8a,0x0,0x0}}, {0xfac1,1,{0x8d08,0x0,0x0}},
  {0xfac2,1,{0x8f38,0x0,0x0}}, {0xfac3,1,{0x9072,0x0,0x0}}, {0xfac4,1,{0x9199,0x0,0x0}},
  {0xfac5,1,{0x9276,0x0,0x0}}, {0xfac6,1,{0x967c,0x0,0x0}}, {0xfac7,1,{0x96e3,0x0,0x0}},
  {0xfac8,1,{0x9756,0x0,0x0}}, {0xfac9,1,{0x97db,0x0,0x0}}, {0xfaca,1,{0x97ff,0x0,0x0}},
  {0xfacb,1,{0x980b,0x0,0x0}}, {0xfacc,1,{0x983b,0x0,0x0}}, {0xfacd,1,{0x9b12,0x0,0x0}},
  {0xface,1,{0x9f9c,0x0,0x0}}, {0xfad2,1,{0x3b9d,0x0,0x0}}, {0xfad3,1,{0x4018,0x0,0x0}},
  {0xfad4,1,{0x4039,0x0,0x0}}, {0xfad8,1,{0x9f43,0x0,0x0}}, {0xfad9,1,{0x9f8e,0x0,0x0}},
  {0xfb1d,2,{0x5d9,0x5b4,0x0}}, {0xfb1f,2,{0x5f2,0x5b7,0x0}}, {0xfb2a,2,{0x5e9,0x5c1,0x0}},
  {0xfb2b,2,{0x5e9,0x5c2,0x0}}, {0xfb2c,3,{0x5e9,0x5bc,0x5c1}}, {0xfb2d,3,{0x5e9,0x5bc,0x5c2}},
  {0xfb2e,2,{0x5d0,0x5b7,0x0}}, {0xfb2f,2,{0x5d0,0x5b8,0x0}}, {0xfb30,2,{0x5d0,0x5bc,0x0}},
  {0xfb31,2,{0x5d1,0x5bc,0x0}}, {0xfb32,2,{0x5d2,0x5bc,0x0}}, {0xfb33,2,{0x5d3,0x5bc,0x0}},
  {0xfb34,2,{0x5d4,0x5bc,0x0}}, {0xfb35,2,{0x5d5,0x5bc,0x0}}, {0xfb36,2,{0x5d6,0x5bc,0x0}},
  {0xfb38,2,{0x5d8,0x5bc,0x0}}, {0xfb39,2,{0x5d9,0x5bc,0x0}}, {0xfb3a,2,{0x5da,0x5bc,0x0}},
  {0xfb3b,2,{0x5db,0x5bc,0x0}}, {0xfb3c,2,{0x5dc,0x5bc,0x0}}, {0xfb3e,2,{0x5de,0x5bc,0x0}},
  {0xfb40,2,{0x5e0,0x5bc,0x0}}, {0xfb41,2,{0x5e1,0x5bc,0x0}}, {0xfb43,2,{0x5e3,0x5bc,0x0}},
  {0xfb44,2,{0x5e4,0x5bc,0x0}}, {0xfb46,2,{0x5e6,0x5bc,0x0}}, {0xfb47,2,{0x5e7,0x5bc,0x0}},
  {0xfb48,2,{0x5e8,0x5bc,0x0}}, {0xfb49,2,{0x5e9,0x5bc,0x0}}, {0xfb4a,2,{0x5ea,0x5bc,0x0}},
  {0xfb4b,2,{0x5d5,0x5b9,0x0}}, {0xfb4c,2,{0x5d1,0x5bf,0x0}}, {0xfb4d,2,{0x5db,0x5bf,0x0}},
  {0xfb4e,2,{0x5e4,0x5bf,0x0}},
};
static const uni_pair_t uni_pairs[UNI_NPAIRS] = {
  {0x3c,0x338,0x226e}, {0x3d,0x338,0x2260}, {0x3e,0x338,0x226f}, {0x41,0x300,0xc0}, {0x41,0x301,0xc1}, {0x41,0x302,0xc2},
  {0x41,0x303,0xc3}, {0x41,0x304,0x100}, {0x41,0x306,0x102}, {0x41,0x307,0x226}, {0x41,0x308,0xc4}, {0x41,0x309,0x1ea2},
  {0x41,0x30a,0xc5}, {0x41,0x30c,0x1cd}, {0x41,0x30f,0x200}, {0x41,0x311,0x202}, {0x41,0x323,0x1ea0}, {0x41,0x325,0x1e00},
  {0x41,0x328,0x104}, {0x42,0x307,0x1e02}, {0x42,0x323,0x1e04}, {0x42,0x331,0x1e06}, {0x43,0x301,0x106}, {0x43,0x302,0x108},
  {0x43,0x307,0x10a}, {0x43,0x30c,0x10c}, {0x43,0x327,0xc7}, {0x44,0x307,0x1e0a}, {0x44,0x30c,0x10e}, {0x44,0x323,0x1e0c},
  {0x44,0x327,0x1e10}, {0x44,0x32d,0x1e12}, {0x44,0x331,0x1e0e}, {0x45,0x300,0xc8}, {0x45,0x301,0xc9}, {0x45,0x302,0xca},
  {0x45,0x303,0x1ebc}, {0x45,0x304,0x112}, {0x45,0x306,0x114}, {0x45,0x307,0x116}, {0x45,0x308,0xcb}, {0x45,0x309,0x1eba},
  {0x45,0x30c,0x11a}, {0x45,0x30f,0x204}, {0x45,0x311,0x206}, {0x45,0x323,0x1eb8}, {0x45,0x327,0x228}, {0x45,0x328,0x118},
  {0x45,0x32d,0x1e18}, {0x45,0x330,0x1e1a}, {0x46,0x307,0x1e1e}, {0x47,0x301,0x1f4}, {0x47,0x302,0x11c}, {0x47,0x304,0x1e20},
  {0x47,0x306,0x11e}, {0x47,0x307,0x120}, {0x47,0x30c,0x1e6}, {0x47,0x327,0x122}, {0x48,0x302,0x124}, {0x48,0x307,0x1e22},
  {0x48,0x308,0x1e26}, {0x48,0x30c,0x21e}, {0x48,0x323,0x1e24}, {0x48,0x327,0x1e28}, {0x48,0x32e,0x1e2a}, {0x49,0x300,0xcc},
  {0x49,0x301,0xcd}, {0x49,0x302,0xce}, {0x49,0x303,0x128}, {0x49,0x304,0x12a}, {0x49,0x306,0x12c}, {0x49,0x307,0x130},
  {0x49,0x308,0xcf}, {0x49,0x309,0x1ec8}, {0x49,0x30c,0x1cf}, {0x49,0x30f,0x208}, {0x49,0x311,0x20a}, {0x49,0x323,0x1eca},
  {0x49,0x328,0x12e}, {0x49,0x330,0x1e2c}, {0x4a,0x302,0x134}, {0x4b,0x301,0x1e30}, {0x4b,0x30c,0x1e8}, {0x4b,0x323,0x1e32},
  {0x4b,0x327,0x136}, {0x4b,0x331,0x1e34}, {0x4c,0x301,0x139}, {0x4c,0x30c,0x13d}, {0x4c,0x323,0x1e36}, {0x4c,0x327,0x13b},
  {0x4c,0x32d,0x1e3c}, {0x4c,0x331,0x1e3a}, {0x4d,0x301,0x1e3e}, {0x4d,0x307,0x1e40}, {0x4d,0x323,0x1e42}, {0x4e,0x300,0x1f8},
  {0x4e,0x301,0x143}, {0x4e,0x303,0xd1}, {0x4e,0x307,0x1e44}, {0x4e,0x30c,0x147}, {0x4e,0x323,0x1e46}, {0x4e,0x327,0x145},
  {0x4e,0x32d,0x1e4a}, {0x4e,0x331,0x1e48}, {0x4f,0x300,0xd2}, {0x4f,0x301,0xd3}, {0x4f,0x302,0xd4}, {0x4f,0x303,0xd5},
  {0x4f,0x304,0x14c}, {0x4f,0x306,0x14e}, {0x4f,0x307,0x22e}, {0x4f,0x308,0xd6}, {0x4f,0x309,0x1ece}, {0x4f,0x30b,0x150},
  {0x4f,0x30c,0x1d1}, {0x4f,0x30f,0x20c}, {0x4f,0x311,0x20e}, {0x4f,0x31b,0x1a0}, {0x4f,0x323,0x1ecc}, {0x4f,0x328,0x1ea},
  {0x50,0x301,0x1e54}, {0x50,0x307,0x1e56}, {0x52,0x301,0x154}, {0x52,0x307,0x1e58}, {0x52,0x30c,0x158}, {0x52,0x30f,0x210},
  {0x52,0x311,0x212}, {0x52,0x323,0x1e5a}, {0x52,0x327,0x156}, {0x52,0x331,0x1e5e}, {0x53,0x301,0x15a}, {0x53,0x302,0x15c},
  {0x53,0x307,0x1e60}, {0x53,0x30c,0x160}, {0x53,0x323,0x1e62}, {0x53,0x326,0x218}, {0x53,0x327,0x15e}, {0x54,0x307,0x1e6a},
  {0x54,0x30c,0x164}, {0x54,0x323,0x1e6c}, {0x54,0x326,0x21a}, {0x54,0x327,0x162}, {0x54,0x32d,0x1e70}, {0x54,0x331,0x1e6e},
  {0x55,0x300,0xd9}, {0x55,0x301,0xda}, {0x55,0x302,0xdb}, {0x55,0x303,0x168}, {0x55,0x304,0x16a}, {0x55,0x306,0x16c},
  {0x55,0x308,0xdc}, {0x55,0x309,0x1ee6}, {0x55,0x30a,0x16e}, {0x55,0x30b,0x170}, {0x55,0x30c,0x1d3}, {0x55,0x30f,0x214},
  {0x55,0x311,0x216}, {0x55,0x31b,0x1af}, {0x55,0x323,0x1ee4}, {0x55,0x324,0x1e72}, {0x55,0x328,0x172}, {0x55,0x32d,0x1e76},
  {0x55,0x330,0x1e74}, {0x56,0x303,0x1e7c}, {0x56,0x323,0x1e7e}, {0x57,0x300,0x1e80}, {0x57,0x301,0x1e82}, {0x57,0x302,0x174},
  {0x57,0x307,0x1e86}, {0x57,0x308,0x1e84}, {0x57,0x323,0x1e88}, {0x58,0x307,0x1e8a}, {0x58,0x308,0x1e8c}, {0x59,0x300,0x1ef2},
  {0x59,0x301,0xdd}, {0x59,0x302,0x176}, {0x59,0x303,0x1ef8}, {0x59,0x304,0x232}, {0x59,0x307,0x1e8e}, {0x59,0x308,0x178},
  {0x59,0x309,0x1ef6}, {0x59,0x323,0x1ef4}, {0x5a,0x301,0x179}, {0x5a,0x302,0x1e90}, {0x5a,0x307,0x17b}, {0x5a,0x30c,0x17d},
  {0x5a,0x323,0x1e92}, {0x5a,0x331,0x1e94}, {0x61,0x300,0xe0}, {0x61,0x301,0xe1}, {0x61,0x302,0xe2}, {0x61,0x303,0xe3},
  {0x61,0x304,0x101}, {0x61,0x306,0x103}, {0x61,0x307,0x227}, {0x61,0x308,0xe4}, {0x61,0x309,0x1ea3}, {0x61,0x30a,0xe5},
  {0x61,0x30c,0x1ce}, {0x61,0x30f,0x201}, {0x61,0x311,0x203}, {0x61,0x323,0x1ea1}, {0x61,0x325,0x1e01}, {0x61,0x328,0x105},
  {0x62,0x307,0x1e03}, {0x62,0x323,0x1e05}, {0x62,0x331,0x1e07}, {0x63,0x301,0x107}, {0x63,0x302,0x109}, {0x63,0x307,0x10b},
  {0x63,0x30c,0x10d}, {0x63,0x327,0xe7}, {0x64,0x307,0x1e0b}, {0x64,0x30c,0x10f}, {0x64,0x323,0x1e0d}, {0x64,0x327,0x1e11},
  {0x64,0x32d,0x1e13}, {0x64,0x331,0x1e0f}, {0x65,0x300,0xe8}, {0x65,0x301,0xe9}, {0x65,0x302,0xea}, {0x65,0x303,0x1ebd},
  {0x65,0x304,0x113}, {0x65,0x306,0x115}, {0x65,0x307,0x117}, {0x65,0x308,0xeb}, {0x65,0x309,0x1ebb}, {0x65,0x30c,0x11b},
  {0x65,0x30f,0x205}, {0x65,0x311,0x207}, {0x65,0x323,0x1eb9}, {0x65,0x327,0x229}, {0x65,0x328,0x119}, {0x65,0x32d,0x1e19},
  {0x65,0x330,0x1e1b}, {0x66,0x307,0x1e1f}, {0x67,0x301,0x1f5}, {0x67,0x302,0x11d}, {0x67,0x304,0x1e21}, {0x67,0x306,0x11f},
  {0x67,0x307,0x121}, {0x67,0x30c,0x1e7}, {0x67,0x327,0x123}, {0x68,0x302,0x125}, {0x68,0x307,0x1e23}, {0x68,0x308,0x1e27},
  {0x68,0x30c,0x21f}, {0x68,0x323,0x1e25}, {0x68,0x327,0x1e29}, {0x68,0x32e,0x1e2b}, {0x68,0x331,0x1e96}, {0x69,0x300,0xec},
  {0x69,0x301,0xed}, {0x69,0x302,0xee}, {0x69,0x303,0x129}, {0x69,0x304,0x12b}, {0x69,0x306,0x12d}, {0x69,0x308,0xef},
  {0x69,0x309,0x1ec9}, {0x69,0x30c,0x1d0}, {0x69,0x30f,0x209}, {0x69,0x311,0x20b}, {0x69,0x323,0x1ecb}, {0x69,0x328,0x12f},
  {0x69,0x330,0x1e2d}, {0x6a,0x302,0x135}, {0x6a,0x30c,0x1f0}, {0x6b,0x301,0x1e31}, {0x6b,0x30c,0x1e9}, {0x6b,0x323,0x1e33},
  {0x6b,0x327,0x137}, {0x6b,0x331,0x1e35}, {0x6c,0x301,0x13a}, {0x6c,0x30c,0x13e}, {0x6c,0x323,0x1e37}, {0x6c,0x327,0x13c},
  {0x6c,0x32d,0x1e3d}, {0x6c,0x331,0x1e3b}, {0x6d,0x301,0x1e3f}, {0x6d,0x307,0x1e41}, {0x6d,0x323,0x1e43}, {0x6e,0x300,0x1f9},
  {0x6e,0x301,0x144}, {0x6e,0x303,0xf1}, {0x6e,0x307,0x1e45}, {0x6e,0x30c,0x148}, {0x6e,0x323,0x1e47}, {0x6e,0x327,0x146},
  {0x6e,0x32d,0x1e4b}, {0x6e,0x331,0x1e49}, {0x6f,0x300,0xf2}, {0x6f,0x301,0xf3}, {0x6f,0x302,0xf4}, {0x6f,0x303,0xf5},
  {0x6f,0x304,0x14d}, {0x6f,0x306,0x14f}, {0x6f,0x307,0x22f}, {0x6f,0x308,0xf6}, {0x6f,0x309,0x1ecf}, {0x6f,0x30b,0x151},
  {0x6f,0x30c,0x1d2}, {0x6f,0x30f,0x20d}, {0x6f,0x311,0x20f}, {0x6f,0x31b,0x1a1}, {0x6f,0x323,0x1ecd}, {0x6f,0x328,0x1eb},
  {0x70,0x301,0x1e55}, {0x70,0x307,0x1e57}, {0x72,0x301,0x155}, {0x72,0x307,0x1e59}, {0x72,0x30c,0x159}, {0x72,0x30f,0x211},
  {0x72,0x311,0x213}, {0x72,0x323,0x1e5b}, {0x72,0x327,0x157}, {0x72,0x331,0x1e5f}, {0x73,0x301,0x15b}, {0x73,0x302,0x15d},
  {0x73,0x307,0x1e61}, {0x73,0x30c,0x161}, {0x73,0x323,0x1e63}, {0x73,0x326,0x219}, {0x73,0x327,0x15f}, {0x74,0x307,0x1e6b},
  {0x74,0x308,0x1e97}, {0x74,0x30c,0x165}, {0x74,0x323,0x1e6d}, {0x74,0x326,0x21b}, {0x74,0x327,0x163}, {0x74,0x32d,0x1e71},
  {0x74,0x331,0x1e6f}, {0x75,0x300,0xf9}, {0x75,0x301,0xfa}, {0x75,0x302,0xfb}, {0x75,0x303,0x169}, {0x75,0x304,0x16b},
  {0x75,0x306,0x16d}, {0x75,0x308,0xfc}, {0x75,0x309,0x1ee7}, {0x75,0x30a,0x16f}, {0x75,0x30b,0x171}, {0x75,0x30c,0x1d4},
  {0x75,0x30f,0x215}, {0x75,0x311,0x217}, {0x75,0x31b,0x1b0}, {0x75,0x323,0x1ee5}, {0x75,0x324,0x1e73}, {0x75,0x328,0x173},
  {0x75,0x32d,0x1e77}, {0x75,0x330,0x1e75}, {0x76,0x303,0x1e7d}, {0x76,0x323,0x1e7f}, {0x77,0x300,0x1e81}, {0x77,0x301,0x1e83},
  {0x77,0x302,0x175}, {0x77,0x307,0x1e87}, {0x77,0x308,0x1e85}, {0x77,0x30a,0x1e98}, {0x77,0x323,0x1e89}, {0x78,0x307,0x1e8b},
  {0x78,0x308,0x1e8d}, {0x79,0x300,0x1ef3}, {0x79,0x301,0xfd}, {0x79,0x302,0x177}, {0x79,0x303,0x1ef9}, {0x79,0x304,0x233},
  {0x79,0x307,0x1e8f}, {0x79,0x308,0xff}, {0x79,0x309,0x1ef7}, {0x79,0x30a,0x1e99}, {0x79,0x323,0x1ef5}, {0x7a,0x301,0x17a},
  {0x7a,0x302,0x1e91}, {0x7a,0x307,0x17c}, {0x7a,0x30c,0x17e}, {0x7a,0x323,0x1e93}, {0x7a,0x331,0x1e95}, {0xa8,0x300,0x1fed},
  {0xa8,0x301,0x385}, {0xa8,0x342,0x1fc1}, {0xc2,0x300,0x1ea6}, {0xc2,0x301,0x1ea4}, {0xc2,0x303,0x1eaa}, {0xc2,0x309,0x1ea8},
  {0xc4,0x304,0x1de}, {0xc5,0x301,0x1fa}, {0xc6,0x301,0x1fc}, {0xc6,0x304,0x1e2}, {0xc7,0x301,0x1e08}, {0xca,0x300,0x1ec0},
  {0xca,0x301,0x1ebe}, {0xca,0x303,0x1ec4}, {0xca,0x309,0x1ec2}, {0xcf,0x301,0x1e2e}, {0xd4,0x300,0x1ed2}, {0xd4,0x301,0x1ed0},
  {0xd4,0x303,0x1ed6}, {0xd4,0x309,0x1ed4}, {0xd5,0x301,0x1e4c}, {0xd5,0x304,0x22c}, {0xd5,0x308,0x1e4e}, {0xd6,0x304,0x22a},
  {0xd8,0x301,0x1fe}, {0xdc,0x300,0x1db}, {0xdc,0x301,0x1d7}, {0xdc,0x304,0x1d5}, {0xdc,0x30c,0x1d9}, {0xe2,0x300,0x1ea7},
  {0xe2,0x301,0x1ea5}, {0xe2,0x303,0x1eab}, {0xe2,0x309,0x1ea9}, {0xe4,0x304,0x1df}, {0xe5,0x301,0x1fb}, {0xe6,0x301,0x1fd},
  {0xe6,0x304,0x1e3}, {0xe7,0x301,0x1e09}, {0xea,0x300,0x1ec1}, {0xea,0x301,0x1ebf}, {0xea,0x303,0x1ec5}, {0xea,0x309,0x1ec3},
  {0xef,0x301,0x1e2f}, {0xf4,0x300,0x1ed3}, {0xf4,0x301,0x1ed1}, {0xf4,0x303,0x1ed7}, {0xf4,0x309,0x1ed5}, {0xf5,0x301,0x1e4d},
  {0xf5,0x304,0x22d}, {0xf5,0x308,0x1e4f}, {0xf6,0x304,0x22b}, {0xf8,0x301,0x1ff}, {0xfc,0x300,0x1dc}, {0xfc,0x301,0x1d8},
  {0xfc,0x304,0x1d6}, {0xfc,0x30c,0x1da}, {0x102,0x300,0x1eb0}, {0x102,0x301,0x1eae}, {0x102,0x303,0x1eb4}, {0x102,0x309,0x1eb2},
  {0x103,0x300,0x1eb1}, {0x103,0x301,0x1eaf}, {0x103,0x303,0x1eb5}, {0x103,0x309,0x1eb3}, {0x112,0x300,0x1e14}, {0x112,0x301,0x1e16},
  {0x113,0x300,0x1e15}, {0x113,0x301,0x1e17}, {0x14c,0x300,0x1e50}, {0x14c,0x301,0x1e52}, {0x14d,0x300,0x1e51}, {0x14d,0x301,0x1e53},
  {0x15a,0x307,0x1e64}, {0x15b,0x307,0x1e65}, {0x160,0x307,0x1e66}, {0x161,0x307,0x1e67}, {0x168,0x301,0x1e78}, {0x169,0x301,0x1e79},
  {0x16a,0x308,0x1e7a}, {0x16b,0x308,0x1e7b}, {0x17f,0x307,0x1e9b}, {0x1a0,0x300,0x1edc}, {0x1a0,0x301,0x1eda}, {0x1a0,0x303,0x1ee0},
  {0x1a0,0x309,0x1ede}, {0x1a0,0x323,0x1ee2}, {0x1a1,0x300,0x1edd}, {0x1a1,0x301,0x1edb}, {0x1a1,0x303,0x1ee1}, {0x1a1,0x309,0x1edf},
  {0x1a1,0x323,0x1ee3}, {0x1af,0x300,0x1eea}, {0x1af,0x301,0x1ee8}, {0x1af,0x303,0x1eee}, {0x1af,0x309,0x1eec}, {0x1af,0x323,0x1ef0},
  {0x1b0,0x300,0x1eeb}, {0x1b0,0x301,0x1ee9}, {0x1b0,0x303,0x1eef}, {0x1b0,0x309,0x1eed}, {0x1b0,0x323,0x1ef1}, {0x1b7,0x30c,0x1ee},
  {0x1ea,0x304,0x1ec}, {0x1eb,0x304,0x1ed}, {0x226,0x304,0x1e0}, {0x227,0x304,0x1e1}, {0x228,0x306,0x1e1c}, {0x229,0x306,0x1e1d},
  {0x22e,0x304,0x230}, {0x22f,0x304,0x231}, {0x292,0x30c,0x1ef}, {0x391,0x300,0x1fba}, {0x391,0x301,0x386}, {0x391,0x304,0x1fb9},
  {0x391,0x306,0x1fb8}, {0x391,0x313,0x1f08}, {0x391,0x314,0x1f09}, {0x391,0x345,0x1fbc}, {0x395,0x300,0x1fc8}, {0x395,0x301,0x388},
  {0x395,0x313,0x1f18}, {0x395,0x314,0x1f19}, {0x397,0x300,0x1fca}, {0x397,0x301,0x389}, {0x397,0x313,0x1f28}, {0x397,0x314,0x1f29},
  {0x397,0x345,0x1fcc}, {0x399,0x300,0x1fda}, {0x399,0x301,0x38a}, {0x399,0x304,0x1fd9}, {0x399,0x306,0x1fd8}, {0x399,0x308,0x3aa},
  {0x399,0x313,0x1f38}, {0x399,0x314,0x1f39}, {0x39f,0x300,0x1ff8}, {0x39f,0x301,0x38c}, {0x39f,0x313,0x1f48}, {0x39f,0x314,0x1f49},
  {0x3a1,0x314,0x1fec}, {0x3a5,0x300,0x1fea}, {0x3a5,0x301,0x38e}, {0x3a5,0x304,0x1fe9}, {0x3a5,0x306,0x1fe8}, {0x3a5,0x308,0x3ab},
  {0x3a5,0x314,0x1f59}, {0x3a9,0x300,0x1ffa}, {0x3a9,0x301,0x38f}, {0x3a9,0x313,0x1f68}, {0x3a9,0x314,0x1f69}, {0x3a9,0x345,0x1ffc},
  {0x3ac,0x345,0x1fb4}, {0x3ae,0x345,0x1fc4}, {0x3b1,0x300,0x1f70}, {0x3b1,0x301,0x3ac}, {0x3b1,0x304,0x1fb1}, {0x3b1,0x306,0x1fb0},
  {0x3b1,0x313,0x1f00}, {0x3b1,0x314,0x1f01}, {0x3b1,0x342,0x1fb6}, {0x3b1,0x345,0x1fb3}, {0x3b5,0x300,0x1f72}, {0x3b5,0x301,0x3ad},
  {0x3b5,0x313,0x1f10}, {0x3b5,0x314,0x1f11}, {0x3b7,0x300,0x1f74}, {0x3b7,0x301,0x3ae}, {0x3b7,0x313,0x1f20}, {0x3b7,0x314,0x1f21},
  {0x3b7,0x342,0x1fc6}, {0x3b7,0x345,0x1fc3}, {0x3b9,0x300,0x1f76}, {0x3b9,0x301,0x3af}, {0x3b9,0x304,0x1fd1}, {0x3b9,0x306,0x1fd0},
  {0x3b9,0x308,0x3ca}, {0x3b9,0x313,0x1f30}, {0x3b9,0x314,0x1f31}, {0x3b9,0x342,0x1fd6}, {0x3bf,0x300,0x1f78}, {0x3bf,0x301,0x3cc},
  {0x3bf,0x313,0x1f40}, {0x3bf,0x314,0x1f41}, {0x3c1,0x313,0x1fe4}, {0x3c1,0x314,0x1fe5}, {0x3c5,0x300,0x1f7a}, {0x3c5,0x301,0x3cd},
  {0x3c5,0x304,0x1fe1}, {0x3c5,0x306,0x1fe0}, {0x3c5,0x308,0x3cb}, {0x3c5,0x313,0x1f50}, {0x3c5,0x314,0x1f51}, {0x3c5,0x342,0x1fe6},
  {0x3c9,0x300,0x1f7c}, {0x3c9,0x301,0x3ce}, {0x3c9,0x313,0x1f60}, {0x3c9,0x314,0x1f61}, {0x3c9,0x342,0x1ff6}, {0x3c9,0x345,0x1ff3},
  {0x3ca,0x300,0x1fd2}, {0x3ca,0x301,0x390}, {0x3ca,0x342,0x1fd7}, {0x3cb,0x300,0x1fe2}, {0x3cb,0x301,0x3b0}, {0x3cb,0x342,0x1fe7},
  {0x3ce,0x345,0x1ff4}, {0x3d2,0x301,0x3d3}, {0x3d2,0x308,0x3d4}, {0x406,0x308,0x407}, {0x410,0x306,0x4d0}, {0x410,0x308,0x4d2},
  {0x413,0x301,0x403}, {0x415,0x300,0x400}, {0x415,0x306,0x4d6}, {0x415,0x308,0x401}, {0x416,0x306,0x4c1}, {0x416,0x308,0x4dc},
  {0x417,0x308,0x4de}, {0x418,0x300,0x40d}, {0x418,0x304,0x4e2}, {0x418,0x306,0x419}, {0x418,0x308,0x4e4}, {0x41a,0x301,0x40c},
  {0x41e,0x308,0x4e6}, {0x423,0x304,0x4ee}, {0x423,0x306,0x40e}, {0x423,0x308,0x4f0}, {0x423,0x30b,0x4f2}, {0x427,0x308,0x4f4},
  {0x42b,0x308,0x4f8}, {0x42d,0x308,0x4ec}, {0x430,0x306,0x4d1}, {0x430,0x308,0x4d3}, {0x433,0x301,0x453}, {0x435,0x300,0x450},
  {0x435,0x306,0x4d7}, {0x435,0x308,0x451}, {0x436,0x306,0x4c2}, {0x436,0x308,0x4dd}, {0x437,0x308,0x4df}, {0x438,0x300,0x45d},
  {0x438,0x304,0x4e3}, {0x438,0x306,0x439}, {0x438,0x308,0x4e5}, {0x43a,0x301,0x45c}, {0x43e,0x308,0x4e7}, {0x443,0x304,0x4ef},
  {0x443,0x306,0x45e}, {0x443,0x308,0x4f1}, {0x443,0x30b,0x4f3}, {0x447,0x308,0x4f5}, {0x44b,0x308,0x4f9}, {0x44d,0x308,0x4ed},
  {0x456,0x308,0x457}, {0x474,0x30f,0x476}, {0x475,0x30f,0x477}, {0x4d8,0x308,0x4da}, {0x4d9,0x308,0x4db}, {0x4e8,0x308,0x4ea},
  {0x4e9,0x308,0x4eb}, {0x627,0x653,0x622}, {0x627,0x654,0x623}, {0x627,0x655,0x625}, {0x648,0x654,0x624}, {0x64a,0x654,0x626},
  {0x6c1,0x654,0x6c2}, {0x6d2,0x654,0x6d3}, {0x6d5,0x654,0x6c0}, {0x928,0x93c,0x929}, {0x930,0x93c,0x931}, {0x933,0x93c,0x934},
  {0x9c7,0x9be,0x9cb}, {0x9c7,0x9d7,0x9cc}, {0xb47,0xb3e,0xb4b}, {0xb47,0xb56,0xb48}, {0xb47,0xb57,0xb4c}, {0xb92,0xbd7,0xb94},
  {0xbc6,0xbbe,0xbca}, {0xbc6,0xbd7,0xbcc}, {0xbc7,0xbbe,0xbcb}, {0xc46,0xc56,0xc48}, {0xcbf,0xcd5,0xcc0}, {0xcc6,0xcc2,0xcca},
  {0xcc6,0xcd5,0xcc7}, {0xcc6,0xcd6,0xcc8}, {0xcca,0xcd5,0xccb}, {0xd46,0xd3e,0xd4a}, {0xd46,0xd57,0xd4c}, {0xd47,0xd3e,0xd4b},
  {0xdd9,0xdca,0xdda}, {0xdd9,0xdcf,0xddc}, {0xdd9,0xddf,0xdde}, {0xddc,0xdca,0xddd}, {0x1025,0x102e,0x1026}, {0x1b05,0x1b35,0x1b06},
  {0x1b07,0x1b35,0x1b08}, {0x1b09,0x1b35,0x1b0a}, {0x1b0b,0x1b35,0x1b0c}, {0x1b0d,0x1b35,0x1b0e}, {0x1b11,0x1b35,0x1b12}, {0x1b3a,0x1b35,0x1b3b},
  {0x1b3c,0x1b35,0x1b3d}, {0x1b3e,0x1b35,0x1b40}, {0x1b3f,0x1b35,0x1b41}, {0x1b42,0x1b35,0x1b43}, {0x1e36,0x304,0x1e38}, {0x1e37,0x304,0x1e39},
  {0x1e5a,0x304,0x1e5c}, {0x1e5b,0x304,0x1e5d}, {0x1e62,0x307,0x1e68}, {0x1e63,0x307,0x1e69}, {0x1ea0,0x302,0x1eac}, {0x1ea0,0x306,0x1eb6},
  {0x1ea1,0x302,0x1ead}, {0x1ea1,0x306,0x1eb7}, {0x1eb8,0x302,0x1ec6}, {0x1eb9,0x302,0x1ec7}, {0x1ecc,0x302,0x1ed8}, {0x1ecd,0x302,0x1ed9},
  {0x1f00,0x300,0x1f02}, {0x1f00,0x301,0x1f04}, {0x1f00,0x342,0x1f06}, {0x1f00,0x345,0x1f80}, {0x1f01,0x300,0x1f03}, {0x1f01,0x301,0x1f05},
  {0x1f01,0x342,0x1f07}, {0x1f01,0x345,0x1f81}, {0x1f08,0x300,0x1f0a}, {0x1f08,0x301,0x1f0c}, {0x1f08,0x342,0x1f0e}, {0x1f08,0x345,0x1f88},
  {0x1f09,0x300,0x1f0b}, {0x1f09,0x301,0x1f0d}, {0x1f09,0x342,0x1f0f}, {0x1f09,0x345,0x1f89}, {0x1f10,0x300,0x1f12}, {0x1f10,0x301,0x1f14},
  {0x1f11,0x300,0x1f13}, {0x1f11,0x301,0x1f15}, {0x1f18,0x300,0x1f1a}, {0x1f18,0x301,0x1f1c}, {0x1f19,0x300,0x1f1b}, {0x1f19,0x301,0x1f1d},
  {0x1f20,0x300,0x1f22}, {0x1f20,0x301,0x1f24}, {0x1f20,0x342,0x1f26}, {0x1f20,0x345,0x1f90}, {0x1f21,0x300,0x1f23}, {0x1f21,0x301,0x1f25},
  {0x1f21,0x342,0x1f27}, {0x1f21,0x345,0x1f91}, {0x1f28,0x300,0x1f2a}, {0x1f28,0x301,0x1f2c}, {0x1f28,0x342,0x1f2e}, {0x1f28,0x345,0x1f98},
  {0x1f29,0x300,0x1f2b}, {0x1f29,0x301,0x1f2d}, {0x1f29,0x342,0x1f2f}, {0x1f29,0x345,0x1f99}, {0x1f30,0x300,0x1f32}, {0x1f30,0x301,0x1f34},
  {0x1f30,0x342,0x1f36}, {0x1f31,0x300,0x1f33}, {0x1f31,0x301,0x1f35}, {0x1f31,0x342,0x1f37}, {0x1f38,0x300,0x1f3a}, {0x1f38,0x301,0x1f3c},
  {0x1f38,0x342,0x1f3e}, {0x1f39,0x300,0x1f3b}, {0x1f39,0x301,0x1f3d}, {0x1f39,0x342,0x1f3f}, {0x1f40,0x300,0x1f42}, {0x1f40,0x301,0x1f44},
  {0x1f41,0x300,0x1f43}, {0x1f41,0x301,0x1f45}, {0x1f48,0x300,0x1f4a}, {0x1f48,0x301,0x1f4c}, {0x1f49,0x300,0x1f4b}, {0x1f49,0x301,0x1f4d},
  {0x1f50,0x300,0x1f52}, {0x1f50,0x301,0x1f54}, {0x1f50,0x342,0x1f56}, {0x1f51,0x300,0x1f53}, {0x1f51,0x301,0x1f55}, {0x1f51,0x342,0x1f57},
  {0x1f59,0x300,0x1f5b}, {0x1f59,0x301,0x1f5d}, {0x1f59,0x342,0x1f5f}, {0x1f60,0x300,0x1f62}, {0x1f60,0x301,0x1f64}, {0x1f60,0x342,0x1f66},
  {0x1f60,0x345,0x1fa0}, {0x1f61,0x300,0x1f63}, {0x1f61,0x301,0x1f65}, {0x1f61,0x342,0x1f67}, {0x1f61,0x345,0x1fa1}, {0x1f68,0x300,0x1f6a},
  {0x1f68,0x301,0x1f6c}, {0x1f68,0x342,0x1f6e}, {0x1f68,0x345,0x1fa8}, {0x1f69,0x300,0x1f6b}, {0x1f69,0x301,0x1f6d}, {0x1f69,0x342,0x1f6f},
  {0x1f69,0x345,0x1fa9}, {0x1f70,0x345,0x1fb2}, {0x1f74,0x345,0x1fc2}, {0x1f7c,0x345,0x1ff2}, {0x1fb6,0x345,0x1fb7}, {0x1fbf,0x300,0x1fcd},
  {0x1fbf,0x301,0x1fce}, {0x1fbf,0x342,0x1fcf}, {0x1fc6,0x345,0x1fc7}, {0x1ff6,0x345,0x1ff7}, {0x1ffe,0x300,0x1fdd}, {0x1ffe,0x301,0x1fde},
  {0x1ffe,0x342,0x1fdf}, {0x2190,0x338,0x219a}, {0x2192,0x338,0x219b}, {0x2194,0x338,0x21ae}, {0x21d0,0x338,0x21cd}, {0x21d2,0x338,0x21cf},
  {0x21d4,0x338,0x21ce}, {0x2203,0x338,0x2204}, {0x2208,0x338,0x2209}, {0x220b,0x338,0x220c}, {0x2223,0x338,0x2224}, {0x2225,0x338,0x2226},
  {0x223c,0x338,0x2241}, {0x2243,0x338,0x2244}, {0x2245,0x338,0x2247}, {0x2248,0x338,0x2249}, {0x224d,0x338,0x226d}, {0x2261,0x338,0x2262},
  {0x2264,0x338,0x2270}, {0x2265,0x338,0x2271}, {0x2272,0x338,0x2274}, {0x2273,0x338,0x2275}, {0x2276,0x338,0x2278}, {0x2277,0x338,0x2279},
  {0x227a,0x338,0x2280}, {0x227b,0x338,0x2281}, {0x227c,0x338,0x22e0}, {0x227d,0x338,0x22e1}, {0x2282,0x338,0x2284}, {0x2283,0x338,0x2285},
  {0x2286,0x338,0x2288}, {0x2287,0x338,0x2289}, {0x2291,0x338,0x22e2}, {0x2292,0x338,0x22e3}, {0x22a2,0x338,0x22ac}, {0x22a8,0x338,0x22ad},
  {0x22a9,0x338,0x22ae}, {0x22ab,0x338,0x22af}, {0x22b2,0x338,0x22ea}, {0x22b3,0x338,0x22eb}, {0x22b4,0x338,0x22ec}, {0x22b5,0x338,0x22ed},
  {0x3046,0x3099,0x3094}, {0x304b,0x3099,0x304c}, {0x304d,0x3099,0x304e}, {0x304f,0x3099,0x3050}, {0x3051,0x3099,0x3052}, {0x3053,0x3099,0x3054},
  {0x3055,0x3099,0x3056}, {0x3057,0x3099,0x3058}, {0x3059,0x3099,0x305a}, {0x305b,0x3099,0x305c}, {0x305d,0x3099,0x305e}, {0x305f,0x3099,0x3060},
  {0x3061,0x3099,0x3062}, {0x3064,0x3099,0x3065}, {0x3066,0x3099,0x3067}, {0x3068,0x3099,0x3069}, {0x306f,0x3099,0x3070}, {0x306f,0x309a,0x3071},
  {0x3072,0x3099,0x3073}, {0x3072,0x309a,0x3074}, {0x3075,0x3099,0x3076}, {0x3075,0x309a,0x3077}, {0x3078,0x3099,0x3079}, {0x3078,0x309a,0x307a},
  {0x307b,0x3099,0x307c}, {0x307b,0x309a,0x307d}, {0x309d,0x3099,0x309e}, {0x30a6,0x3099,0x30f4}, {0x30ab,0x3099,0x30ac}, {0x30ad,0x3099,0x30ae},
  {0x30af,0x3099,0x30b0}, {0x30b1,0x3099,0x30b2}, {0x30b3,0x3099,0x30b4}, {0x30b5,0x3099,0x30b6}, {0x30b7,0x3099,0x30b8}, {0x30b9,0x3099,0x30ba},
  {0x30bb,0x3099,0x30bc}, {0x30bd,0x3099,0x30be}, {0x30bf,0x3099,0x30c0}, {0x30c1,0x3099,0x30c2}, {0x30c4,0x3099,0x30c5}, {0x30c6,0x3099,0x30c7},
  {0x30c8,0x3099,0x30c9}, {0x30cf,0x3099,0x30d0}, {0x30cf,0x309a,0x30d1}, {0x30d2,0x3099,0x30d3}, {0x30d2,0x309a,0x30d4}, {0x30d5,0x3099,0x30d6},
  {0x30d5,0x309a,0x30d7}, {0x30d8,0x3099,0x30d9}, {0x30d8,0x309a,0x30da}, {0x30db,0x3099,0x30dc}, {0x30db,0x309a,0x30dd}, {0x30ef,0x3099,0x30f7},
  {0x30f0,0x3099,0x30f8}, {0x30f1,0x3099,0x30f9}, {0x30f2,0x3099,0x30fa}, {0x30fd,0x3099,0x30fe},
};
#endif
#endif
